HighSpend,Spend2019,Age,Cart,Device,Email,Income,Payment,Premium,Promotion,Region,Sessions,Time,Clothing,Books,Electronics,Home,Garden,Pet,Grocery,Health,Outdoors,Automotive,Beauty,Sports,Tools
0,872,48,3488,iOS,Gmail,246,Paypal,20,4,Southwest,49,735,0,1,1,0,0,1,0,0,1,1,0,1,0
1,148,38,444,PC,Gmail,160,Debit,17,67,Northeast,96,1248,1,1,1,0,1,0,1,1,1,0,1,1,1
0,1244,33,2488,Mac,Gmail,166,Paypal,24,0,Northwest,79,1580,0,1,0,0,1,0,0,0,1,1,0,0,0
0,4806,46,14418,Mac,Gmail,104,Debit,42,2,Northwest,57,570,0,1,0,0,0,0,0,0,1,0,0,1,1
0,4398,58,8796,Android,Other,129,Paypal,75,76,Northeast,48,912,1,1,0,0,1,0,0,0,1,0,1,0,1
0,940,26,940,iOS,Gmail,332,Debit,73,46,Southeast,81,810,0,1,0,0,1,0,0,1,1,1,1,1,0
0,1746,48,5238,Mac,Gmail,199,Debit,28,100,Southwest,39,429,0,1,1,0,1,0,0,0,1,0,0,1,0
0,547,28,1641,PC,Other,290,Credit,60,18,Northeast,43,774,0,1,0,0,0,0,0,0,0,0,0,0,1
0,929,51,2787,PC,Gmail,285,Credit,37,63,Southeast,57,627,0,1,1,0,0,1,0,1,1,0,1,1,1
0,333,42,999,Mac,Other,204,Debit,93,57,Southwest,63,756,1,1,1,1,1,0,1,0,1,1,0,0,0
1,1889,30,5667,iOS,Gmail,269,Paypal,35,72,Southwest,48,144,0,1,0,0,1,1,1,0,1,1,1,0,1
0,2452,44,9808,PC,Other,38,Credit,92,83,Northwest,92,552,0,1,1,0,0,0,0,0,1,0,0,1,1
0,3410,36,3410,iOS,Other,66,Credit,80,36,Northwest,37,370,0,1,1,0,0,0,1,0,1,1,0,0,0
0,3016,42,9048,PC,Yahoo,325,Credit,81,77,Northwest,60,1140,0,1,1,0,1,1,1,0,1,0,0,0,0
0,2744,24,2744,iOS,Gmail,334,Credit,95,78,Northeast,7,42,0,1,0,0,1,0,0,0,1,0,1,0,0
0,3035,31,6070,iOS,Other,39,Debit,83,10,Midwest,79,1264,0,1,1,0,0,0,1,0,1,0,0,1,0
0,1308,59,2616,PC,Other,328,Debit,23,100,Northeast,19,266,0,1,0,0,1,0,0,0,1,1,0,0,0
0,781,27,3124,Mac,Gmail,310,Credit,90,72,Midwest,2,26,0,1,0,0,1,0,0,0,1,1,0,1,0
0,586,31,1758,PC,Other,151,Paypal,82,79,Northwest,6,96,0,1,1,0,1,0,0,0,1,1,1,0,1
0,1865,55,7460,iOS,Other,123,Debit,39,65,Northwest,82,1476,0,1,0,1,1,0,1,0,1,0,0,1,0
0,4246,51,12738,PC,Gmail,192,Paypal,44,97,Northeast,49,588,0,1,0,0,0,1,0,0,0,1,1,1,0
0,1052,38,1052,Mac,Gmail,204,Paypal,77,3,Northwest,53,265,0,1,1,0,1,0,0,0,1,1,0,0,0
0,1872,43,5616,Android,Gmail,241,Credit,91,23,Southwest,32,288,1,1,1,0,1,0,0,1,1,0,0,0,1
1,2630,60,7890,PC,Gmail,263,Credit,36,31,Midwest,49,980,0,1,0,1,1,0,1,0,1,1,0,1,1
0,1897,61,3794,iOS,Gmail,108,Credit,39,25,Northwest,84,924,0,1,1,0,1,0,0,0,1,1,0,0,0
1,2516,54,7548,Android,Yahoo,111,Paypal,1,6,Northeast,50,800,1,1,1,0,1,1,1,0,1,0,1,0,0
0,2396,35,9584,PC,Gmail,136,Debit,69,22,Northwest,1,7,0,1,0,0,1,1,0,0,1,0,0,1,0
0,1029,43,4116,Android,Yahoo,108,Credit,68,47,Northwest,38,418,0,1,0,0,1,0,0,0,1,0,0,0,0
0,880,55,1760,PC,Yahoo,106,Credit,50,29,Northeast,29,261,0,1,1,0,0,0,0,0,1,0,1,0,1
0,2388,55,2388,iOS,Gmail,90,Debit,1,28,Midwest,10,60,0,1,0,0,1,0,0,0,1,1,1,0,0
0,4074,40,16296,Android,Gmail,203,Paypal,83,9,Northeast,72,432,0,1,1,0,0,0,0,0,1,0,0,0,1
0,3309,58,3309,iOS,Gmail,227,Debit,8,55,Northwest,67,335,0,1,1,0,1,0,0,0,1,0,0,1,1
1,564,35,2256,PC,Yahoo,234,Debit,38,75,Northwest,39,429,1,1,1,0,1,1,0,1,1,1,1,1,0
0,1257,29,5028,iOS,Other,111,Paypal,10,79,Northeast,17,289,0,1,0,0,1,0,0,0,1,1,1,0,0
1,4431,25,4431,Mac,Other,140,Debit,57,91,Southwest,102,918,0,1,1,0,1,0,0,1,1,1,1,0,0
0,3101,43,9303,PC,Other,133,Paypal,62,80,Midwest,56,672,0,1,1,0,1,0,1,0,1,0,1,1,0
0,4584,59,18336,iOS,Gmail,343,Debit,47,10,Midwest,88,264,0,1,0,0,0,0,0,0,1,0,1,0,0
0,3970,24,7940,Android,Gmail,46,Credit,14,6,Southwest,2,32,0,1,0,0,0,0,0,1,1,0,0,0,1
0,1866,42,7464,Mac,Other,267,Credit,9,99,Northeast,11,33,0,1,1,0,1,0,0,0,1,1,1,1,1
0,3069,57,12276,PC,Gmail,227,Paypal,73,23,Northeast,71,710,0,1,1,0,1,0,0,0,1,1,1,0,0
0,1540,30,4620,PC,Other,64,Debit,55,81,Northeast,13,273,0,1,1,0,0,0,0,1,1,1,1,1,0
0,2910,47,11640,Android,Other,243,Debit,64,48,Northwest,9,63,0,1,0,0,1,0,0,0,1,0,1,0,0
0,1854,59,5562,PC,Yahoo,260,Debit,59,10,Southwest,19,76,0,1,1,0,1,0,0,0,1,1,0,1,0
0,1236,56,3708,Android,Other,245,Debit,8,21,Northwest,22,418,0,1,1,0,1,0,0,0,1,0,1,0,1
1,4605,53,9210,Android,Other,197,Paypal,3,82,Northeast,55,1100,0,1,1,0,1,0,0,0,1,1,1,1,0
0,3379,34,13516,Mac,Gmail,62,Credit,14,19,Northwest,33,660,0,1,1,0,1,0,0,0,1,1,0,0,0
0,4377,51,4377,Mac,Other,127,Paypal,19,15,Northwest,4,68,0,1,0,0,0,0,0,0,1,0,1,1,0
0,610,37,1220,PC,Other,186,Paypal,56,80,Midwest,67,1072,0,1,1,0,1,0,0,1,1,1,0,1,1
0,3494,43,3494,PC,Gmail,226,Paypal,10,30,Northwest,19,380,1,1,0,1,0,0,0,0,1,1,0,0,1
0,221,22,884,Android,Gmail,128,Credit,17,35,Northwest,41,451,1,1,0,1,1,1,0,0,1,0,1,1,0
0,2181,27,2181,PC,Yahoo,280,Credit,97,42,Northeast,71,1278,0,1,0,0,1,0,0,1,1,1,0,1,1
0,108,59,432,Android,Other,59,Credit,51,68,Southwest,79,869,0,1,1,1,0,0,0,0,1,1,0,0,1
0,3742,59,3742,iOS,Other,95,Debit,3,0,Northwest,30,390,0,1,0,0,1,0,0,1,1,0,0,1,1
0,2763,26,11052,PC,Gmail,93,Credit,10,92,Northeast,26,234,1,0,1,0,1,0,0,0,1,0,0,0,0
0,892,53,892,PC,Other,201,Credit,59,37,Northwest,9,54,0,1,0,0,1,0,0,0,1,0,0,0,1
0,1405,49,4215,PC,Gmail,255,Credit,13,73,Northeast,48,672,0,1,0,0,1,0,1,0,1,1,0,1,0
1,2786,57,5572,iOS,Gmail,349,Debit,88,98,Southeast,88,352,1,1,1,0,0,0,1,1,1,0,0,1,0
0,719,28,719,PC,Yahoo,217,Debit,95,1,Northwest,61,366,0,1,0,0,1,0,1,0,1,1,1,0,1
0,3236,38,9708,Android,Gmail,217,Credit,92,37,Southeast,22,330,0,1,1,0,1,0,0,0,1,0,0,0,1
0,3475,33,3475,Mac,Yahoo,89,Credit,18,30,Northwest,36,540,1,1,0,0,1,0,0,0,0,1,1,0,0
0,3083,52,6166,Mac,Gmail,54,Credit,17,31,Northeast,81,1134,0,1,0,0,1,1,0,0,1,0,1,1,1
0,4201,32,12603,Mac,Gmail,301,Debit,32,99,Southwest,70,980,0,1,1,0,1,0,0,0,1,0,0,0,0
0,3855,23,11565,Mac,Gmail,113,Debit,56,93,Northwest,44,660,0,1,1,0,1,0,0,0,1,1,0,0,0
0,744,61,2232,iOS,Yahoo,167,Credit,49,20,Southwest,61,610,0,1,0,0,1,0,0,1,1,1,1,1,1
0,3222,50,9666,PC,Gmail,100,Credit,95,62,Northwest,20,340,1,1,1,0,1,0,0,1,1,0,1,0,0
1,1631,37,4893,iOS,Other,259,Credit,26,53,Southeast,14,56,0,1,1,0,1,0,0,0,1,1,1,0,1
0,1351,36,4053,PC,Yahoo,275,Paypal,80,79,Southwest,52,468,0,1,1,1,1,1,0,0,1,0,0,1,0
0,1637,49,3274,Android,Other,105,Credit,95,62,Northwest,103,824,0,1,0,1,1,0,1,1,1,0,1,0,1
0,2455,42,9820,Mac,Gmail,139,Paypal,70,42,Northwest,22,374,0,1,0,0,1,0,0,0,1,1,1,1,0
0,2149,29,6447,PC,Other,163,Paypal,81,77,Southeast,22,176,0,1,0,0,1,0,1,0,1,1,1,0,1
0,858,27,1716,Android,Other,94,Credit,83,11,Northwest,24,144,0,1,1,0,1,0,0,0,1,1,1,1,0
0,4995,48,4995,PC,Gmail,50,Debit,67,39,Northeast,18,198,0,1,0,1,1,0,0,1,1,0,0,1,1
0,2490,39,2490,PC,Gmail,36,Debit,92,21,Northeast,37,370,0,1,1,0,1,0,0,1,1,1,0,0,1
1,3502,46,10506,iOS,Yahoo,341,Credit,100,61,Midwest,82,1148,1,1,1,1,1,0,0,0,1,1,0,1,0
0,2658,27,7974,PC,Other,119,Credit,88,53,Southwest,14,98,1,1,0,0,1,0,0,1,1,1,1,1,1
0,167,49,167,Mac,Other,137,Paypal,64,59,Midwest,88,1848,0,0,0,0,1,0,1,0,1,1,1,1,1
0,2661,40,10644,Android,Gmail,287,Credit,57,6,Northeast,73,584,0,1,0,1,1,0,1,0,1,0,0,1,0
0,677,56,2031,Mac,Other,121,Paypal,75,49,Southwest,49,147,0,1,1,0,1,0,0,1,1,1,0,0,1
0,4357,35,4357,iOS,Gmail,206,Credit,42,21,Northwest,15,285,1,1,1,1,0,0,1,0,1,0,0,1,1
1,149,47,298,Android,Other,226,Paypal,51,90,Southwest,21,336,0,1,0,0,1,1,0,0,1,1,1,1,0
0,4741,52,14223,iOS,Other,273,Credit,81,63,Northwest,77,693,0,1,0,0,0,0,0,0,1,0,1,1,0
0,1329,27,2658,iOS,Other,63,Credit,48,79,Southeast,12,144,0,1,0,0,1,1,1,0,1,0,0,1,0
0,4442,50,4442,iOS,Other,122,Paypal,15,54,Southeast,90,270,0,1,1,0,1,0,1,0,1,1,0,1,0
0,4953,28,19812,Mac,Other,297,Debit,75,66,Northeast,81,1296,0,1,0,0,0,1,0,0,1,1,0,1,1
0,841,61,841,iOS,Other,322,Credit,13,60,Northwest,92,1012,0,1,0,0,0,0,0,0,1,1,1,1,0
0,570,50,570,iOS,Other,347,Credit,40,34,Northwest,17,187,0,1,0,1,1,0,1,0,1,1,1,1,1
0,2273,23,2273,PC,Gmail,142,Paypal,30,57,Northwest,24,480,0,1,1,1,1,0,0,1,1,0,1,1,1
0,3253,52,13012,Android,Other,309,Credit,96,81,Southeast,83,581,0,1,1,0,1,0,0,0,1,1,1,1,0
0,2093,31,6279,Mac,Gmail,121,Paypal,2,85,Southeast,86,1806,0,0,1,0,1,0,0,0,1,0,1,0,1
0,1409,58,4227,Mac,Gmail,147,Credit,54,16,Northwest,98,1372,0,1,0,0,1,0,0,0,0,1,0,0,0
0,207,25,414,iOS,Gmail,171,Paypal,89,61,Southwest,91,1183,0,1,0,0,0,0,0,0,1,1,1,0,1
0,2645,24,2645,PC,Other,79,Paypal,31,77,Northwest,8,56,0,1,0,0,1,0,0,0,1,0,1,0,0
0,3040,22,3040,PC,Other,93,Credit,0,18,Northeast,99,396,0,1,1,1,1,0,1,1,1,1,0,0,0
0,1639,53,3278,PC,Other,299,Credit,24,96,Northeast,58,290,0,1,1,0,1,0,0,0,1,1,1,1,1
0,2066,57,8264,Android,Gmail,130,Paypal,11,33,Northwest,16,272,0,1,0,0,1,0,0,1,1,1,0,1,0
0,1472,30,5888,PC,Other,109,Paypal,54,81,Northwest,38,304,1,1,1,0,1,0,0,0,1,0,0,1,0
0,508,55,1524,PC,Gmail,271,Paypal,59,19,Southwest,77,231,0,1,0,0,0,0,0,1,1,0,1,1,1
0,2853,29,8559,Mac,Other,318,Credit,53,87,Southwest,71,1278,0,1,1,0,1,0,0,0,1,1,1,1,0
1,3409,61,13636,Mac,Yahoo,91,Credit,4,19,Southeast,61,854,0,1,0,0,1,0,1,1,1,1,1,1,0
0,1917,45,1917,Android,Other,253,Paypal,0,55,Southwest,72,792,0,1,0,0,1,0,1,0,1,1,0,0,0
0,1134,35,2268,PC,Other,251,Paypal,72,23,Midwest,64,960,1,1,1,0,1,0,0,0,1,0,1,0,0
0,4776,34,4776,iOS,Gmail,281,Debit,16,76,Midwest,3,18,0,1,1,0,0,0,0,0,1,1,0,0,0
0,244,61,732,iOS,Gmail,302,Credit,36,65,Northeast,10,100,0,1,1,0,1,0,1,0,0,0,0,0,0
0,3213,60,12852,PC,Other,233,Debit,58,10,Northwest,72,1152,1,1,0,0,1,0,0,0,1,1,0,0,0
0,1124,37,4496,iOS,Other,68,Debit,12,34,Southwest,84,252,0,1,0,0,1,0,0,0,1,0,0,0,0
0,3122,41,9366,Mac,Other,195,Debit,33,33,Southwest,72,1440,0,0,1,0,1,0,1,0,1,1,0,0,0
0,1125,29,3375,iOS,Other,319,Debit,99,54,Northwest,3,21,0,1,1,0,0,0,0,0,1,1,1,0,0
0,2853,41,5706,PC,Other,154,Credit,60,40,Southwest,63,882,1,0,0,1,1,0,0,0,1,0,0,0,1
0,1160,43,3480,iOS,Yahoo,129,Paypal,94,56,Northwest,31,589,1,1,0,0,1,0,0,0,1,0,1,1,0
0,730,59,2920,Android,Gmail,329,Credit,36,0,Southwest,90,1530,0,1,1,1,1,1,1,0,1,0,0,1,0
1,3934,43,3934,PC,Other,311,Paypal,44,100,Northeast,9,99,0,1,0,0,1,0,1,0,1,1,0,0,0
1,3036,29,3036,Android,Other,333,Credit,43,35,Northwest,89,1335,0,1,1,1,1,1,0,0,1,1,0,0,1
0,1817,53,1817,PC,Gmail,195,Paypal,80,58,Northeast,54,972,0,1,0,0,1,0,0,0,1,0,1,0,1
0,2020,33,8080,Android,Yahoo,195,Paypal,82,22,Midwest,52,988,0,1,0,0,1,0,0,1,1,1,0,0,0
0,2407,28,9628,PC,Other,168,Debit,97,38,Southeast,45,135,1,1,0,0,1,1,0,0,1,1,0,0,1
0,1625,45,4875,Mac,Yahoo,101,Paypal,87,76,Northwest,93,1302,0,1,0,0,1,1,0,0,1,1,0,1,1
0,2820,40,11280,iOS,Gmail,161,Paypal,48,22,Midwest,63,945,0,1,0,0,1,0,0,1,1,0,0,1,0
0,4377,38,13131,PC,Other,65,Debit,30,21,Southwest,16,64,0,1,1,0,1,0,0,1,1,0,0,0,0
0,4551,49,9102,iOS,Gmail,238,Credit,80,18,Northwest,96,1728,0,1,0,0,1,1,0,0,1,0,0,0,0
0,1218,53,4872,PC,Other,40,Credit,71,6,Southwest,93,1395,0,1,0,0,1,0,1,0,1,1,1,0,0
0,1646,24,3292,Android,Other,174,Credit,7,22,Northwest,37,740,0,1,1,0,0,0,1,0,1,0,0,1,0
1,4673,29,18692,PC,Gmail,167,Debit,39,82,Northeast,62,806,0,1,0,0,1,0,1,0,1,1,1,1,1
0,3323,43,6646,iOS,Other,306,Credit,7,20,Midwest,5,105,0,1,0,0,1,0,0,0,1,1,1,1,1
0,2447,47,4894,Android,Yahoo,102,Paypal,49,54,Northeast,15,60,0,1,1,0,1,1,1,0,1,0,0,0,1
0,1035,53,4140,PC,Gmail,154,Credit,38,13,Southwest,47,846,0,1,0,0,1,0,0,0,1,0,0,1,1
0,1474,34,2948,Android,Gmail,198,Debit,57,1,Northwest,85,1785,0,1,0,0,1,0,0,0,1,1,0,0,1
0,969,59,3876,Android,Gmail,49,Credit,28,27,Northeast,38,304,0,0,1,0,1,0,1,0,0,1,1,0,0
0,3056,27,12224,PC,Gmail,119,Paypal,16,12,Northwest,84,420,0,1,0,0,0,0,0,1,1,1,1,1,0
1,1872,24,7488,Mac,Yahoo,263,Credit,36,73,Northwest,93,1209,1,1,1,1,1,0,0,0,1,1,1,1,0
0,2358,53,7074,PC,Other,260,Debit,76,16,Midwest,48,1008,0,1,0,0,1,0,0,0,1,0,1,1,0
0,2262,22,2262,Mac,Yahoo,48,Paypal,73,92,Northeast,89,801,1,1,1,0,1,0,0,0,1,1,0,0,0
0,3442,34,6884,PC,Gmail,175,Credit,95,8,Northeast,63,315,0,1,0,0,1,1,0,0,1,1,1,1,1
0,2890,60,8670,PC,Gmail,246,Credit,97,92,Northwest,57,969,0,1,1,0,1,0,0,0,1,1,0,0,0
1,1767,26,7068,PC,Yahoo,210,Credit,19,84,Northeast,75,1350,0,1,0,1,1,1,1,0,1,0,0,0,1
0,2302,39,4604,iOS,Other,101,Debit,74,35,Southwest,20,380,0,1,0,1,0,1,0,0,1,1,1,0,1
0,2064,48,8256,Android,Gmail,276,Credit,59,94,Southwest,2,26,0,1,0,0,1,0,0,0,1,0,1,1,1
0,2416,49,2416,Android,Other,38,Paypal,16,57,Northwest,39,468,0,1,1,0,0,0,1,0,1,1,1,0,1
0,302,55,604,iOS,Other,50,Paypal,39,34,Northwest,53,848,0,1,0,0,0,0,0,1,1,0,1,0,1
0,338,26,676,Mac,Gmail,270,Credit,33,2,Midwest,48,816,0,1,0,0,1,1,1,1,1,0,0,1,0
0,4986,58,19944,iOS,Other,138,Credit,21,95,Northwest,93,1395,1,1,1,0,1,0,0,0,1,1,0,0,0
0,1527,49,6108,Mac,Gmail,301,Credit,83,37,Midwest,25,375,0,0,0,1,1,0,0,0,1,1,0,1,0
0,583,23,1749,Android,Other,265,Debit,82,79,Northeast,63,252,0,1,0,0,0,0,1,0,1,1,0,0,0
0,2502,38,7506,Android,Other,240,Credit,6,66,Northeast,79,790,0,1,0,0,1,0,0,0,1,0,0,0,0
1,4196,27,16784,Android,Gmail,337,Credit,42,0,Northeast,82,1230,1,0,0,0,1,0,0,1,1,0,1,1,1
0,2398,42,4796,Android,Other,232,Paypal,71,99,Northwest,45,225,0,1,0,0,1,1,1,0,1,0,0,0,1
0,4808,22,4808,Android,Other,316,Credit,77,27,Southeast,70,210,0,1,0,0,1,0,0,0,1,0,0,1,0
0,399,57,399,Mac,Other,267,Debit,22,14,Northwest,25,475,0,0,1,0,1,0,0,0,1,0,0,1,0
1,1854,42,7416,Android,Other,323,Paypal,68,37,Northeast,5,75,1,1,0,0,0,0,1,0,1,1,1,1,0
0,1844,56,7376,iOS,Gmail,205,Credit,27,62,Northeast,56,896,0,1,1,0,1,0,0,0,1,1,0,1,0
0,691,49,691,iOS,Gmail,324,Paypal,95,82,Northwest,56,672,0,1,0,0,1,0,1,1,1,1,1,1,0
1,4710,31,18840,Mac,Other,209,Credit,69,12,Southeast,41,779,1,1,1,0,1,0,0,0,1,1,1,1,1
0,2268,25,4536,PC,Gmail,175,Credit,87,68,Northeast,66,990,0,1,0,0,0,0,0,0,1,1,1,0,1
0,1711,32,1711,iOS,Gmail,178,Paypal,14,68,Southeast,46,552,0,1,1,0,1,0,1,0,1,1,0,1,1
0,3167,28,12668,iOS,Other,288,Debit,34,13,Southeast,69,276,0,1,1,0,1,0,0,1,0,0,0,1,0
0,1719,53,1719,PC,Gmail,307,Debit,78,25,Northwest,99,1584,0,1,0,1,1,0,1,0,1,1,0,0,1
0,4150,57,8300,PC,Other,74,Debit,43,79,Northwest,88,528,0,1,0,0,1,0,0,0,1,0,0,1,0
1,2513,40,5026,Mac,Other,331,Credit,60,65,Northeast,81,1458,0,1,1,0,1,0,0,1,1,0,0,0,0
0,574,58,574,PC,Gmail,304,Credit,60,84,Northeast,17,187,0,1,1,0,1,0,0,0,1,0,1,1,0
1,2740,28,8220,PC,Other,354,Paypal,68,30,Northeast,25,150,1,1,0,0,1,0,0,0,1,1,1,1,1
1,2649,60,5298,Android,Other,156,Credit,0,31,Northwest,104,1248,0,1,0,0,1,0,1,1,1,0,1,1,0
0,2015,28,6045,Android,Gmail,318,Paypal,53,61,Northeast,81,1215,0,1,0,0,0,1,0,1,1,0,0,1,0
0,1613,44,4839,PC,Other,52,Paypal,72,10,Southwest,90,1890,1,1,1,0,1,0,0,0,1,0,0,1,0
1,3787,45,7574,Mac,Gmail,157,Credit,62,7,Southeast,87,1218,1,1,1,1,1,0,0,0,1,0,1,1,1
0,643,35,2572,Android,Other,259,Credit,12,63,Northeast,5,15,0,0,1,0,1,0,0,1,1,1,1,0,0
0,472,28,472,iOS,Other,294,Debit,97,73,Northwest,103,1442,0,1,1,0,1,0,0,1,1,0,0,1,0
0,2298,48,4596,Mac,Gmail,193,Credit,22,71,Northwest,16,240,0,1,0,0,1,1,0,0,1,1,0,1,0
0,117,56,234,Mac,Other,285,Credit,28,56,Southwest,37,111,1,1,0,1,0,0,0,0,1,1,1,0,1
1,4393,24,13179,PC,Other,44,Credit,53,60,Northwest,76,1140,1,1,0,0,1,1,0,0,1,1,0,1,0
0,1434,45,2868,PC,Gmail,45,Credit,45,27,Northwest,89,1780,0,1,1,0,1,1,0,0,1,1,1,1,0
0,4410,49,13230,iOS,Other,50,Credit,80,45,Northwest,21,252,0,1,1,0,1,0,0,0,1,0,1,0,0
0,1145,30,1145,Android,Gmail,289,Paypal,9,11,Southeast,28,532,0,1,0,0,1,0,1,0,1,0,0,1,0
1,4557,56,13671,Android,Other,285,Debit,63,89,Northeast,45,540,0,1,1,0,1,0,0,0,1,1,1,1,1
0,3567,39,3567,Mac,Gmail,188,Paypal,10,91,Southwest,95,570,1,0,0,1,1,0,1,0,1,0,0,1,1
1,1651,33,6604,iOS,Gmail,321,Credit,19,20,Midwest,89,890,1,1,1,1,1,0,0,1,1,0,0,0,0
1,4657,30,4657,PC,Other,322,Credit,9,26,Northeast,58,290,0,1,0,0,1,1,0,1,1,0,0,0,0
0,1607,38,3214,PC,Other,344,Paypal,89,79,Southwest,58,812,0,1,1,1,0,0,0,1,1,0,0,1,1
0,1104,54,4416,PC,Gmail,220,Credit,64,41,Northwest,84,1344,0,1,1,0,0,0,1,0,1,1,0,1,0
0,3801,27,7602,Mac,Yahoo,187,Credit,60,33,Northwest,74,1480,0,1,1,0,1,0,1,0,1,1,1,1,0
0,2639,58,7917,iOS,Other,293,Credit,3,15,Northeast,78,1560,0,1,1,0,1,0,1,0,1,0,0,0,1
1,2443,48,2443,PC,Gmail,111,Debit,39,87,Northwest,42,756,1,1,1,0,1,1,0,1,1,1,1,1,0
0,4573,32,9146,Android,Gmail,112,Credit,75,88,Northeast,71,1491,0,1,1,0,0,0,0,0,1,1,0,0,0
1,4484,49,4484,iOS,Other,361,Credit,51,22,Northeast,75,900,0,1,1,0,1,1,0,1,1,1,1,1,0
0,3062,22,12248,Android,Gmail,256,Credit,87,46,Southwest,42,840,0,1,0,1,1,0,0,0,1,1,0,0,1
0,1575,22,4725,Mac,Other,181,Credit,35,46,Southwest,102,816,0,1,0,0,1,0,0,0,1,1,1,1,0
0,3234,47,9702,PC,Gmail,80,Credit,38,89,Northeast,8,72,0,1,1,1,1,0,0,0,1,1,0,0,0
0,1405,55,1405,PC,Gmail,208,Paypal,81,17,Southwest,48,864,0,1,1,0,1,1,1,0,1,0,0,0,0
0,1690,36,6760,PC,Yahoo,148,Credit,85,39,Northwest,31,465,1,1,1,0,1,1,0,0,1,0,1,0,1
0,4252,37,8504,iOS,Gmail,254,Credit,83,72,Northwest,95,475,0,0,0,0,1,1,1,0,1,1,0,0,0
0,3346,48,6692,Mac,Gmail,106,Credit,92,51,Midwest,93,1023,0,1,0,0,1,0,0,0,1,0,0,0,0
0,713,40,2139,iOS,Gmail,258,Credit,37,35,Midwest,47,235,0,1,1,0,1,0,0,0,1,0,1,1,1
0,3004,57,3004,Mac,Gmail,208,Credit,82,62,Northwest,6,102,0,1,1,0,1,0,0,0,1,1,1,0,0
0,303,39,303,Android,Gmail,165,Credit,92,74,Northwest,8,72,1,1,0,0,1,0,0,0,1,0,0,1,0
0,1209,45,1209,Android,Gmail,105,Paypal,25,87,Northeast,36,720,0,0,1,0,0,0,0,0,1,0,1,1,0
0,1794,57,1794,iOS,Gmail,82,Credit,81,70,Northwest,13,143,1,1,1,0,0,1,0,0,1,0,0,1,0
0,1967,35,7868,Mac,Gmail,77,Credit,32,92,Southwest,31,155,1,1,0,0,1,1,0,0,1,1,0,0,0
0,4307,29,8614,Mac,Gmail,97,Debit,10,100,Northeast,79,316,1,1,0,0,1,1,0,0,0,1,1,0,0
0,326,23,652,iOS,Other,347,Paypal,39,64,Northwest,92,552,0,1,1,0,0,0,0,0,1,0,1,1,0
1,1199,30,1199,iOS,Gmail,190,Credit,47,49,Northwest,75,750,0,1,1,1,1,0,1,1,1,1,1,1,0
0,489,39,489,Android,Gmail,83,Debit,15,31,Southeast,75,525,1,1,1,0,1,0,0,0,1,1,0,1,1
0,2844,28,8532,PC,Other,301,Debit,75,83,Midwest,46,782,0,1,0,1,0,1,0,0,1,0,0,0,0
0,427,51,1708,iOS,Other,200,Credit,1,3,Midwest,80,1680,0,1,0,1,0,0,0,0,1,1,0,0,1
0,1350,32,1350,PC,Yahoo,92,Credit,59,2,Northwest,17,323,0,1,1,1,1,0,0,0,1,0,0,0,0
0,1099,56,2198,Android,Gmail,322,Credit,38,14,Southwest,50,950,0,1,1,0,1,0,0,0,1,1,1,1,0
0,1073,48,4292,PC,Gmail,34,Paypal,69,88,Northeast,75,1050,0,1,0,0,0,0,0,0,1,1,1,1,0
1,4416,49,4416,PC,Other,292,Debit,76,64,Southwest,2,36,0,1,1,1,1,0,0,1,1,0,1,1,0
0,540,45,1620,PC,Other,336,Debit,56,27,Southwest,68,1088,0,1,0,0,1,0,0,0,1,0,1,1,0
0,4147,28,4147,Mac,Other,124,Credit,61,12,Midwest,101,1414,0,1,0,0,0,0,1,0,1,0,0,0,0
0,3849,42,11547,iOS,Gmail,69,Credit,55,42,Midwest,39,351,0,1,0,0,1,0,0,1,1,1,0,0,1
1,4832,24,9664,iOS,Gmail,143,Credit,10,30,Northwest,71,923,0,1,1,1,1,0,0,0,1,1,1,1,0
0,1952,54,1952,Android,Other,93,Credit,93,34,Southwest,92,736,0,1,1,0,1,1,0,1,1,0,0,1,0
0,3047,43,3047,iOS,Other,53,Credit,23,4,Southeast,65,910,1,1,0,0,1,1,0,1,1,1,0,0,1
0,2269,23,6807,iOS,Other,245,Paypal,1,62,Southeast,19,399,0,1,0,1,1,0,0,1,1,1,1,0,0
0,357,46,714,iOS,Gmail,169,Paypal,47,54,Northwest,14,42,0,1,1,0,1,0,0,0,1,1,1,1,0
1,2891,54,5782,Mac,Gmail,279,Credit,60,83,Northwest,59,472,0,1,1,1,1,0,0,1,0,1,0,0,0
0,4185,44,12555,Mac,Other,247,Credit,25,84,Northeast,57,456,0,1,0,0,1,1,0,0,1,1,0,0,0
0,2453,43,2453,PC,Gmail,116,Credit,59,74,Northwest,35,665,0,1,1,0,1,0,1,0,1,0,0,1,1
0,130,45,520,Android,Other,89,Credit,9,49,Northeast,19,190,0,1,1,0,1,0,0,0,1,1,1,0,0
0,2487,22,4974,Mac,Gmail,262,Paypal,81,39,Midwest,25,200,0,1,1,0,0,0,0,0,1,1,0,1,0
0,4026,52,16104,PC,Gmail,56,Paypal,61,29,Southwest,53,848,0,1,0,0,1,0,0,0,1,0,0,0,0
0,4805,29,14415,iOS,Gmail,157,Paypal,75,39,Southwest,72,1512,0,1,0,0,1,0,0,1,1,1,0,0,0
0,2965,55,5930,Mac,Yahoo,81,Paypal,90,22,Northwest,67,1407,0,1,1,0,1,0,1,0,1,0,1,1,0
1,1456,27,5824,Mac,Gmail,38,Debit,34,36,Northwest,66,924,1,1,1,1,1,0,1,0,1,1,0,0,0
0,3530,43,14120,Mac,Gmail,161,Credit,67,75,Midwest,3,36,0,1,0,0,0,0,0,0,1,0,0,0,0
1,4768,31,14304,Mac,Yahoo,127,Debit,45,28,Northwest,2,6,0,1,1,1,1,1,0,1,1,1,0,0,0
0,2333,46,2333,PC,Gmail,207,Credit,100,64,Southwest,54,864,0,1,1,0,0,0,0,0,1,1,1,0,0
0,195,55,195,PC,Gmail,332,Credit,64,44,Northeast,82,328,0,1,0,1,1,1,0,0,1,1,1,1,1
1,4173,36,8346,Mac,Other,333,Credit,60,51,Northeast,99,1188,0,1,1,0,1,0,1,0,1,1,0,0,0
0,1022,44,2044,Mac,Other,88,Credit,93,27,Midwest,12,228,0,1,0,0,1,0,0,0,1,0,0,0,0
0,3669,22,3669,Android,Other,343,Paypal,16,84,Southeast,93,279,1,1,0,0,0,0,0,1,0,0,0,1,1
1,4432,43,8864,Android,Gmail,289,Paypal,77,83,Northwest,11,165,0,1,1,0,1,0,1,1,0,0,0,1,0
0,4510,57,9020,Android,Gmail,109,Credit,26,73,Northwest,46,230,0,0,1,0,1,0,0,0,0,1,0,1,1
0,1875,55,7500,iOS,Other,236,Paypal,10,96,Midwest,63,252,0,0,1,1,1,0,0,1,1,1,0,0,1
0,2907,39,11628,Android,Gmail,233,Credit,53,65,Southeast,98,1078,0,1,0,0,1,0,1,0,1,1,1,1,0
1,4727,24,18908,Mac,Gmail,262,Paypal,96,68,Northeast,88,528,1,1,0,0,1,0,1,0,1,1,0,0,1
0,297,39,297,iOS,Gmail,355,Paypal,24,65,Midwest,36,144,0,0,1,0,0,0,0,0,1,0,1,0,0
1,4539,49,9078,PC,Yahoo,351,Debit,68,89,Southwest,100,1200,1,1,0,0,1,0,0,0,1,1,1,1,0
0,1588,37,4764,Android,Yahoo,107,Paypal,34,40,Northwest,25,225,0,1,1,1,1,0,1,0,1,1,1,0,0
0,2309,34,4618,Android,Other,262,Credit,47,42,Northwest,86,774,0,1,1,0,0,0,1,0,1,0,0,1,0
0,2547,26,5094,Mac,Other,192,Debit,41,38,Southwest,14,280,0,1,0,0,1,0,0,0,1,1,1,1,0
0,454,38,1816,PC,Gmail,349,Paypal,59,35,Northwest,103,824,0,1,1,1,0,1,0,0,1,1,1,1,0
0,464,45,1856,Android,Gmail,89,Credit,54,38,Northeast,83,1079,1,1,1,0,0,0,0,0,1,1,1,1,0
1,4055,41,16220,iOS,Gmail,224,Debit,64,5,Northeast,72,648,1,1,0,0,1,0,0,0,1,1,0,1,0
0,734,43,1468,iOS,Other,249,Credit,5,2,Northwest,10,200,0,0,0,0,1,0,0,0,1,0,1,0,1
0,263,36,1052,Android,Other,39,Debit,34,58,Northwest,80,1440,0,0,1,1,1,1,0,0,0,1,1,1,0
0,841,44,841,Mac,Gmail,112,Paypal,30,18,Southeast,70,420,1,1,1,0,1,0,0,0,1,1,1,0,0
0,124,59,124,Android,Other,355,Debit,9,79,Northeast,97,1843,1,1,1,1,1,0,0,0,1,0,1,1,1
1,3235,53,12940,PC,Gmail,341,Paypal,49,37,Southwest,90,1800,1,1,0,0,1,0,0,1,1,1,1,1,1
0,3505,24,3505,PC,Gmail,72,Credit,25,23,Southeast,81,810,0,1,1,0,1,0,0,1,1,1,0,1,0
0,4070,27,8140,Mac,Gmail,297,Credit,17,26,Midwest,40,120,0,1,1,0,1,0,0,0,1,1,1,1,1
0,2922,57,2922,Mac,Other,307,Debit,8,9,Northeast,93,1023,0,0,0,1,1,0,0,0,1,0,1,0,0
1,2900,59,5800,Mac,Other,230,Debit,44,25,Northwest,5,20,0,1,0,1,1,0,0,1,1,1,1,1,1
0,2013,57,2013,Mac,Other,348,Credit,27,48,Southwest,70,560,0,1,0,0,1,0,0,1,1,0,0,0,1
0,2253,29,6759,iOS,Other,64,Credit,48,55,Northeast,53,1060,0,0,1,1,1,0,0,0,1,1,0,0,1
0,2585,33,7755,Android,Gmail,235,Paypal,62,56,Northeast,78,468,0,1,0,1,1,0,0,0,1,1,0,1,1
1,4003,59,4003,iOS,Gmail,240,Paypal,51,97,Northeast,52,156,0,1,1,0,1,0,0,0,1,1,1,0,1
0,693,33,2079,PC,Gmail,138,Credit,61,34,Northwest,64,832,0,1,0,0,1,0,0,1,1,0,0,1,1
0,1472,41,1472,iOS,Gmail,70,Paypal,65,79,Northwest,60,780,0,1,0,1,1,0,0,0,1,0,1,1,1
0,865,36,3460,iOS,Gmail,83,Paypal,26,40,Northwest,72,216,0,0,0,1,1,0,0,1,1,1,1,1,0
0,863,59,3452,Android,Gmail,90,Credit,40,43,Northeast,83,747,0,1,1,0,1,1,0,0,1,0,1,0,0
0,4008,59,8016,iOS,Gmail,167,Credit,54,40,Southwest,11,66,0,0,1,0,1,1,0,1,1,0,0,0,0
0,1494,36,2988,Android,Gmail,59,Credit,19,31,Northeast,14,126,0,1,1,0,1,0,0,0,1,1,0,1,0
1,4449,59,8898,Mac,Other,245,Credit,33,70,Southwest,81,405,1,1,1,0,1,0,0,1,1,0,1,0,0
0,4739,38,4739,PC,Gmail,349,Paypal,30,66,Northwest,71,1207,0,1,0,1,0,1,0,0,1,0,0,1,1
1,2930,25,11720,PC,Gmail,226,Debit,49,86,Northeast,75,525,0,1,1,1,1,0,1,0,1,1,1,0,0
0,1041,30,4164,PC,Gmail,313,Paypal,94,45,Southwest,57,1197,0,1,0,1,1,0,1,0,1,1,1,1,0
1,3795,54,7590,iOS,Gmail,244,Debit,13,99,Southwest,21,231,0,1,1,1,1,1,0,0,1,0,1,1,0
0,4424,58,17696,iOS,Other,281,Paypal,38,4,Southwest,87,870,0,1,0,0,0,0,0,0,1,1,0,0,0
0,1515,29,1515,Mac,Gmail,53,Paypal,88,70,Northeast,58,464,0,1,1,0,1,0,0,1,1,0,0,1,1
0,1474,33,5896,Mac,Gmail,245,Debit,81,77,Northwest,19,114,0,1,1,0,1,0,0,0,1,0,0,0,1
0,572,57,1144,PC,Other,188,Credit,94,11,Southeast,65,325,0,1,1,0,1,0,0,0,1,0,0,1,1
1,3393,40,3393,Mac,Other,263,Credit,8,37,Northeast,93,651,0,1,1,1,1,0,0,0,1,0,1,0,1
0,4276,40,8552,PC,Gmail,93,Credit,91,27,Northeast,92,920,0,0,0,0,1,0,0,0,1,0,1,0,1
1,4086,54,12258,PC,Gmail,133,Credit,64,25,Northeast,50,800,1,1,0,1,0,0,0,1,1,1,1,1,1
0,3452,30,6904,Mac,Other,245,Paypal,74,70,Northwest,76,1444,0,1,0,1,0,0,0,0,1,0,0,0,0
0,1406,38,2812,Android,Other,301,Credit,98,54,Northeast,83,1079,0,0,0,0,1,0,0,0,1,1,0,1,1
1,4943,23,19772,iOS,Other,278,Credit,14,30,Northeast,38,722,0,1,0,1,0,0,0,1,1,1,0,1,1
0,3885,34,3885,PC,Gmail,136,Credit,94,72,Midwest,1,18,0,1,0,0,1,0,0,0,1,0,1,1,0
0,1381,36,5524,PC,Other,133,Credit,22,26,Southeast,36,216,0,1,0,0,0,0,1,1,1,1,0,0,1
0,1525,54,4575,iOS,Gmail,158,Credit,92,15,Northwest,44,352,0,1,1,0,1,0,1,1,1,0,1,0,1
0,864,49,3456,Mac,Other,124,Credit,30,21,Southwest,14,112,0,1,0,0,0,0,0,0,1,1,0,1,1
0,589,27,589,Android,Gmail,240,Credit,37,4,Midwest,56,392,0,1,0,0,1,0,1,0,1,1,0,1,0
0,704,27,704,Android,Other,204,Paypal,5,96,Northwest,35,455,1,1,0,1,1,0,0,1,0,1,0,0,0
0,1418,37,2836,Mac,Gmail,302,Paypal,55,28,Northeast,46,736,0,1,0,1,0,0,0,0,1,0,1,1,0
0,1537,50,6148,Mac,Gmail,360,Credit,90,12,Northwest,89,1246,0,1,0,0,1,0,0,0,0,1,0,1,0
0,4484,56,17936,Android,Gmail,184,Paypal,93,21,Northwest,73,511,0,1,0,0,1,0,0,0,1,0,0,1,0
0,1246,47,1246,PC,Gmail,125,Debit,77,3,Northeast,36,108,0,1,0,0,1,0,0,0,1,0,0,1,1
0,1515,47,4545,Mac,Other,101,Paypal,56,84,Southeast,62,372,0,1,0,0,1,0,0,1,1,0,1,1,1
1,4373,22,4373,PC,Other,344,Paypal,93,43,Southwest,25,200,0,0,0,0,1,1,0,1,1,1,1,1,1
0,3556,41,10668,PC,Yahoo,251,Credit,18,62,Southeast,70,700,0,1,1,1,1,0,0,0,1,1,1,0,0
0,3360,54,13440,PC,Gmail,187,Paypal,41,93,Midwest,14,168,0,1,1,0,1,0,1,0,1,0,1,0,1
0,1210,41,3630,Mac,Other,144,Paypal,13,77,Southeast,29,464,0,1,1,0,1,0,0,0,1,1,1,1,0
0,1672,46,6688,PC,Other,262,Debit,99,0,Northwest,20,100,0,0,1,0,1,1,0,1,0,0,1,0,1
0,2222,40,4444,iOS,Other,77,Credit,22,38,Northwest,60,300,0,1,1,0,1,1,1,0,0,0,1,1,0
1,4016,60,4016,Mac,Yahoo,273,Credit,45,74,Southeast,26,130,0,1,1,1,1,0,1,1,1,0,1,0,1
0,2691,26,8073,Mac,Yahoo,327,Credit,73,90,Northeast,60,1140,0,1,1,0,0,1,0,0,1,1,0,0,1
0,2686,43,5372,Android,Gmail,126,Credit,31,15,Southeast,29,551,0,1,1,1,1,0,0,0,1,0,1,1,1
0,4207,32,12621,Mac,Yahoo,354,Credit,65,47,Southwest,103,721,1,1,0,0,1,0,0,0,1,0,0,0,0
0,978,59,3912,PC,Yahoo,346,Debit,15,14,Northwest,14,182,0,1,1,0,1,0,0,0,1,1,1,0,1
0,3497,51,10491,Android,Other,91,Paypal,45,57,Northeast,88,1496,0,0,1,0,1,0,1,0,0,1,1,0,0
1,159,48,636,Android,Other,159,Paypal,10,37,Northeast,57,855,1,1,1,0,1,1,0,1,1,1,1,1,0
1,3946,30,15784,PC,Gmail,347,Credit,33,1,Southwest,45,765,1,1,1,0,1,1,0,0,1,1,1,0,1
0,3271,36,13084,Mac,Gmail,233,Paypal,61,88,Northeast,51,153,1,1,1,0,0,0,1,0,1,0,0,0,1
0,1787,25,5361,iOS,Gmail,317,Debit,3,31,Northwest,40,240,0,1,1,0,1,0,0,0,1,0,1,1,0
0,589,44,589,iOS,Other,131,Paypal,64,90,Southeast,93,1116,0,1,1,0,1,0,0,1,1,0,0,1,0
0,659,60,659,PC,Gmail,60,Paypal,84,11,Northeast,35,105,0,0,0,0,0,0,0,0,1,0,1,0,0
0,243,42,243,Android,Gmail,199,Paypal,26,83,Southwest,18,216,0,1,0,0,1,0,0,0,1,0,0,1,1
0,1774,33,7096,iOS,Gmail,100,Paypal,24,70,Northwest,37,592,0,1,0,0,1,1,0,0,1,1,0,1,0
0,1720,45,6880,PC,Other,146,Debit,63,99,Midwest,46,230,0,1,1,0,1,0,0,0,1,0,1,0,0
0,3884,45,11652,iOS,Gmail,280,Credit,67,69,Southwest,103,1545,0,1,1,0,1,0,0,0,1,1,1,0,0
1,4929,28,19716,Mac,Other,291,Paypal,94,21,Northwest,13,221,1,1,0,0,1,0,0,0,1,1,1,1,0
0,502,56,502,Android,Other,199,Credit,66,25,Northwest,13,208,0,1,1,1,0,0,0,0,1,1,0,0,0
1,4713,49,18852,Android,Other,152,Credit,83,2,Northeast,97,1552,0,1,1,0,1,0,0,0,1,0,1,0,0
1,3867,57,7734,iOS,Yahoo,50,Credit,72,88,Southwest,99,594,0,1,1,0,1,1,1,0,1,0,1,0,0
1,2870,44,8610,PC,Other,327,Credit,48,3,Midwest,1,15,0,1,1,0,1,1,0,1,1,1,0,0,0
0,439,36,1317,iOS,Gmail,318,Paypal,16,37,Northeast,21,105,0,1,0,0,0,0,0,0,1,1,0,0,0
0,3033,54,9099,Android,Gmail,278,Credit,89,13,Northeast,40,360,0,1,0,1,1,0,1,0,1,0,0,1,0
0,4203,42,12609,PC,Other,144,Paypal,26,43,Southwest,73,1241,0,1,1,0,1,0,1,0,1,1,0,1,0
0,857,35,1714,PC,Gmail,200,Paypal,66,36,Northwest,102,1428,1,1,0,1,0,0,1,0,1,0,0,0,0
0,3838,27,11514,Android,Gmail,152,Credit,49,88,Northwest,45,855,0,1,1,0,0,1,1,0,1,1,1,0,0
0,2384,24,4768,Android,Gmail,107,Paypal,42,35,Southeast,64,640,0,1,1,0,1,0,0,0,1,0,1,1,0
0,4670,38,18680,PC,Other,307,Paypal,45,99,Northeast,35,735,0,1,0,0,1,0,0,0,1,1,0,1,0
1,2014,27,8056,Android,Other,273,Paypal,59,27,Midwest,76,380,0,1,1,0,1,0,0,1,1,0,1,0,0
0,3508,53,10524,Android,Gmail,81,Credit,26,23,Midwest,27,324,0,1,1,1,1,0,0,0,1,0,0,1,1
1,4740,25,4740,iOS,Other,123,Credit,45,53,Midwest,17,289,1,1,0,1,1,0,0,0,1,0,1,0,1
0,3641,28,7282,Android,Other,304,Credit,11,65,Northwest,24,456,0,1,0,0,1,0,0,1,1,0,1,0,0
0,4388,54,4388,PC,Other,274,Credit,48,39,Midwest,21,357,0,0,1,1,1,1,0,1,1,0,1,0,0
1,4485,48,13455,Mac,Gmail,316,Paypal,94,14,Midwest,21,231,1,1,1,1,0,0,0,0,1,0,1,1,1
0,2360,27,9440,Mac,Other,250,Paypal,74,97,Midwest,91,546,0,1,1,0,1,0,0,1,0,0,1,0,0
0,2515,28,7545,PC,Gmail,62,Credit,25,48,Northeast,44,616,0,1,1,0,1,0,0,0,1,0,0,1,1
1,4645,46,9290,Mac,Gmail,320,Debit,51,24,Northwest,2,12,0,1,1,0,1,1,0,0,1,1,1,1,0
0,659,55,1318,Android,Yahoo,253,Paypal,3,92,Southwest,18,288,0,1,0,0,1,0,0,0,1,1,1,0,0
0,3428,61,3428,Android,Gmail,354,Paypal,34,2,Southwest,91,273,0,1,1,0,1,1,1,0,1,0,1,0,0
0,1148,56,1148,PC,Gmail,58,Credit,62,58,Midwest,61,671,0,1,0,1,1,1,0,1,1,0,0,0,1
0,1610,32,3220,Mac,Gmail,85,Credit,50,79,Northeast,79,237,0,1,0,0,0,0,1,1,1,0,1,1,0
0,4815,27,19260,PC,Other,247,Debit,73,75,Southeast,54,432,0,1,0,0,1,0,0,0,1,1,1,1,0
0,1577,57,6308,PC,Gmail,40,Paypal,82,37,Southeast,74,592,1,1,0,1,0,0,0,0,1,1,1,0,0
1,3074,30,12296,Mac,Other,138,Paypal,64,38,Northeast,35,210,1,1,0,1,1,0,0,0,1,1,0,1,1
0,279,39,279,Mac,Gmail,219,Debit,31,92,Midwest,1,13,1,1,0,0,1,0,0,0,1,1,0,0,1
0,3497,50,13988,Mac,Gmail,66,Paypal,5,67,Northeast,54,810,0,1,0,0,1,0,0,0,1,0,1,1,1
0,164,33,656,Mac,Gmail,212,Credit,65,15,Northwest,21,126,0,1,1,0,0,1,0,0,1,0,0,1,1
0,3347,33,10041,Android,Gmail,335,Credit,4,82,Southwest,31,310,0,1,1,1,1,0,0,0,1,0,1,1,0
0,802,46,802,iOS,Other,129,Paypal,52,93,Northeast,34,272,0,1,1,0,1,0,0,0,1,0,0,1,0
0,241,43,482,Android,Yahoo,275,Credit,91,2,Northwest,32,192,1,1,1,0,1,0,0,0,1,0,0,1,1
0,2782,30,11128,Mac,Other,306,Paypal,65,41,Midwest,18,144,1,1,1,0,1,0,0,1,1,1,1,1,0
0,1278,47,2556,Mac,Other,215,Paypal,78,21,Northwest,53,212,0,1,1,0,1,0,0,0,1,1,0,0,1
0,3256,25,3256,Android,Gmail,88,Credit,5,54,Midwest,6,60,0,1,0,0,1,0,0,1,1,0,0,1,1
0,1683,55,3366,Android,Gmail,216,Credit,27,57,Northeast,66,1188,0,1,1,0,0,0,0,0,1,1,1,0,0
0,2711,25,5422,iOS,Gmail,181,Credit,31,29,Northeast,9,45,1,1,1,0,1,0,1,0,1,0,0,0,0
0,4879,38,14637,Android,Gmail,117,Credit,65,0,Northwest,8,112,0,1,1,0,1,0,0,1,1,0,1,0,0
0,1205,25,2410,PC,Gmail,249,Credit,32,64,Northeast,33,165,0,0,0,1,1,1,0,0,1,0,0,0,1
0,4169,39,8338,Mac,Yahoo,338,Debit,10,26,Northeast,97,1940,0,1,0,0,0,0,0,0,1,0,1,0,0
0,686,49,686,Android,Gmail,152,Credit,9,81,Northeast,6,108,0,1,1,0,0,0,0,1,1,1,1,1,1
0,115,56,460,Mac,Other,230,Paypal,65,1,Northwest,41,533,0,1,0,0,1,0,0,0,1,0,0,1,1
0,4835,59,14505,iOS,Gmail,137,Credit,97,38,Northeast,90,360,0,1,1,0,1,1,0,0,1,0,0,0,1
0,4311,51,17244,PC,Yahoo,153,Paypal,10,21,Northeast,103,1236,0,0,0,0,1,0,0,0,1,0,0,1,1
0,351,44,351,Mac,Other,115,Debit,43,15,Midwest,43,473,0,1,1,1,1,0,1,0,1,0,1,1,0
0,2940,30,11760,Mac,Gmail,109,Credit,60,78,Southwest,11,66,0,0,0,0,1,0,0,0,1,0,1,0,0
0,2879,32,8637,Android,Other,248,Credit,11,25,Southwest,38,494,0,1,1,0,1,0,0,0,1,0,0,1,0
0,660,59,2640,iOS,Other,208,Paypal,42,16,Northeast,9,144,1,1,1,0,1,1,0,0,1,0,0,0,1
1,3193,24,9579,Mac,Other,209,Debit,81,100,Northeast,93,372,1,1,1,1,1,1,0,0,1,0,0,0,1
0,2206,58,8824,iOS,Yahoo,37,Paypal,89,45,Midwest,23,184,1,1,0,0,1,0,0,0,1,1,0,0,0
1,3734,44,11202,Mac,Yahoo,169,Credit,89,54,Northwest,64,704,0,1,0,0,1,0,1,0,1,0,1,1,1
0,2921,43,2921,Mac,Other,219,Credit,89,71,Northeast,63,945,0,1,1,0,1,0,0,0,1,0,0,0,1
0,3410,57,10230,Mac,Other,110,Credit,53,18,Northeast,58,1044,0,1,0,0,1,0,1,0,1,0,1,1,1
0,4685,37,9370,Android,Gmail,129,Paypal,22,63,Northeast,24,240,0,1,0,1,1,0,1,0,1,0,0,0,0
0,2369,57,9476,Android,Gmail,204,Paypal,79,60,Northeast,39,819,0,1,0,0,1,1,0,0,1,0,0,1,1
1,3888,32,11664,PC,Other,157,Debit,37,75,Northeast,91,1183,0,1,0,0,1,1,1,1,1,1,0,0,1
0,4006,42,12018,PC,Gmail,130,Debit,61,12,Midwest,7,63,0,1,1,0,1,0,0,0,1,1,0,0,0
0,3048,22,3048,Mac,Yahoo,70,Credit,20,57,Northwest,50,600,0,0,0,0,1,0,0,1,1,1,0,1,0
1,4294,31,8588,Mac,Gmail,126,Paypal,71,14,Northeast,85,1105,1,1,0,1,1,1,0,0,1,0,0,1,1
0,2941,49,2941,Mac,Gmail,227,Credit,58,46,Northeast,56,952,0,1,1,0,1,0,0,0,1,1,0,1,0
0,2410,38,2410,iOS,Gmail,171,Debit,2,100,Northwest,6,90,0,1,1,1,0,0,0,0,1,1,0,1,1
1,3929,56,3929,Android,Yahoo,279,Debit,34,75,Midwest,14,126,0,1,1,1,1,0,0,0,1,1,1,1,1
1,3165,24,6330,iOS,Other,350,Paypal,89,15,Northeast,93,1674,0,1,0,0,1,0,0,0,1,0,1,0,0
0,1611,53,3222,iOS,Gmail,294,Paypal,85,87,Southwest,28,308,0,1,1,0,1,0,0,0,1,0,1,1,1
0,1223,43,4892,Mac,Other,352,Paypal,11,82,Northeast,5,90,0,1,0,1,0,1,0,0,0,1,0,0,0
0,3596,57,10788,PC,Other,45,Credit,23,100,Midwest,51,204,0,1,0,0,0,0,1,0,1,1,0,0,0
0,4354,25,4354,iOS,Gmail,89,Credit,43,66,Northwest,93,1395,0,1,0,0,1,0,1,0,0,1,0,0,0
0,241,46,723,Android,Other,314,Debit,49,35,Midwest,68,884,1,1,1,0,1,0,1,1,1,1,0,1,1
0,431,39,862,iOS,Gmail,160,Debit,23,35,Northwest,60,1260,0,1,1,1,1,0,0,0,1,0,0,0,1
0,4498,34,13494,iOS,Other,157,Credit,76,70,Northwest,56,1120,0,1,0,0,1,0,1,0,1,0,0,0,0
0,3798,27,7596,PC,Gmail,158,Paypal,20,98,Northwest,94,470,0,1,1,0,1,0,0,0,1,1,0,1,0
1,3743,61,14972,iOS,Gmail,345,Credit,86,34,Southeast,97,485,0,0,1,1,1,1,0,0,1,0,1,0,0
0,1067,59,4268,PC,Gmail,274,Paypal,75,11,Northwest,69,483,0,1,0,0,0,0,0,0,1,1,0,0,0
0,2369,55,2369,Android,Other,120,Credit,78,36,Northwest,25,250,0,1,0,0,1,0,0,0,1,0,1,1,0
0,2474,57,9896,Mac,Gmail,101,Paypal,34,5,Southwest,9,36,1,1,0,0,1,0,0,1,0,0,1,1,0
0,596,44,1192,PC,Gmail,204,Credit,99,52,Northwest,72,216,0,1,1,0,1,0,0,1,1,1,0,0,0
0,4796,37,14388,Mac,Gmail,146,Debit,12,61,Northwest,58,406,0,1,0,0,1,0,0,0,1,0,1,1,0
0,643,57,2572,Mac,Gmail,353,Paypal,47,19,Midwest,12,120,0,1,1,0,1,0,0,0,1,0,1,0,0
0,1153,51,3459,Mac,Yahoo,287,Credit,29,77,Southeast,91,273,0,1,0,0,1,0,1,1,1,0,0,0,1
0,169,54,338,Mac,Yahoo,240,Credit,94,97,Southwest,98,490,1,1,1,0,1,0,0,1,1,0,0,0,0
0,914,50,1828,PC,Other,353,Paypal,96,88,Northeast,101,909,0,1,0,0,1,0,0,0,1,0,0,1,0
0,4373,61,13119,Mac,Other,271,Credit,31,93,Northeast,11,55,0,1,1,0,1,1,0,0,1,1,0,0,0
0,1040,40,1040,Mac,Other,311,Debit,83,8,Northwest,82,574,0,1,0,0,1,1,0,0,1,0,0,1,0
0,3436,53,10308,PC,Gmail,64,Credit,74,32,Northwest,32,576,0,1,1,0,1,0,0,1,1,0,1,0,0
0,2760,28,11040,Android,Gmail,137,Debit,19,10,Northwest,95,1045,0,1,0,0,1,0,0,1,1,0,0,0,0
0,3629,26,10887,PC,Gmail,300,Credit,68,83,Northeast,95,1995,0,1,0,0,1,0,0,0,1,1,1,0,0
0,3894,22,7788,Android,Gmail,242,Credit,92,77,Northwest,103,1133,0,1,0,0,1,0,0,0,1,1,0,1,0
0,1110,36,4440,Mac,Other,341,Credit,95,43,Northwest,86,344,0,1,0,1,1,0,0,0,1,1,1,0,0
0,3617,43,10851,iOS,Other,244,Debit,26,27,Midwest,44,880,1,1,0,0,1,1,0,1,1,0,0,0,0
0,4825,29,14475,Mac,Yahoo,176,Credit,5,9,Northwest,17,221,0,1,1,0,0,0,0,0,1,0,0,0,1
1,3613,31,14452,Android,Gmail,284,Debit,90,1,Midwest,86,774,0,1,1,0,1,0,0,0,1,0,1,1,0
0,4883,56,9766,Android,Gmail,346,Paypal,35,52,Southeast,15,195,0,1,0,0,1,0,1,0,1,0,0,1,0
0,1229,35,2458,Android,Gmail,187,Credit,67,69,Midwest,14,280,1,1,0,0,1,0,0,0,1,0,1,1,1
1,3632,24,10896,iOS,Yahoo,181,Credit,91,15,Midwest,36,648,1,1,0,1,1,0,1,1,1,1,1,1,1
0,1580,35,3160,Android,Other,59,Credit,0,28,Midwest,19,171,0,0,1,0,0,0,0,0,1,0,1,1,0
0,4249,50,8498,Android,Other,36,Credit,63,52,Midwest,80,640,0,0,1,0,1,0,0,0,1,0,0,1,0
1,4568,44,9136,Mac,Gmail,170,Paypal,90,10,Southwest,60,420,0,1,0,0,1,0,0,1,1,1,1,0,1
0,1132,27,3396,iOS,Other,262,Credit,99,33,Northwest,58,1218,0,1,0,0,1,0,0,0,1,0,0,1,1
0,920,60,920,iOS,Gmail,291,Credit,37,23,Northwest,83,1162,0,1,0,0,1,0,0,1,1,0,1,0,1
0,1880,22,5640,iOS,Gmail,126,Debit,43,89,Midwest,60,300,0,1,1,0,1,1,0,1,1,0,1,0,0
0,877,57,877,iOS,Yahoo,189,Debit,80,71,Northeast,44,528,0,1,0,0,1,1,0,0,1,0,1,1,0
0,1155,39,3465,Android,Gmail,304,Credit,24,52,Northeast,14,266,0,1,1,0,0,0,0,0,1,1,1,0,0
1,4706,47,14118,Android,Other,286,Paypal,68,70,Northeast,88,1408,0,1,1,0,1,0,1,0,1,0,1,0,1
0,1180,55,4720,iOS,Yahoo,271,Debit,88,1,Northwest,21,357,0,0,0,0,0,0,0,0,1,1,1,1,0
0,4810,24,14430,Mac,Other,147,Credit,35,79,Southwest,90,900,0,1,1,0,1,1,0,0,0,0,1,1,1
0,3081,31,12324,iOS,Other,119,Paypal,2,73,Northwest,63,189,0,1,0,0,1,0,0,1,1,0,1,1,0
0,4869,52,9738,iOS,Yahoo,326,Debit,96,90,Midwest,55,1155,0,1,1,0,0,0,0,0,1,1,1,0,0
0,2501,30,5002,Android,Gmail,114,Credit,98,22,Southwest,51,714,0,1,0,0,0,0,1,0,1,1,0,1,0
1,3165,36,9495,PC,Gmail,274,Credit,95,53,Northeast,50,1050,0,1,1,0,0,1,1,1,1,1,1,0,0
0,4045,42,12135,Android,Other,50,Paypal,15,45,Midwest,23,161,0,1,1,0,1,0,0,1,1,1,0,0,1
0,3694,46,11082,iOS,Gmail,277,Debit,23,56,Northwest,84,1764,0,1,1,1,1,0,0,0,1,0,0,1,1
0,3166,53,9498,Android,Yahoo,174,Paypal,93,46,Northwest,62,1302,0,1,0,0,1,1,0,0,1,1,1,1,0
0,3415,61,6830,Mac,Other,127,Paypal,77,84,Northwest,75,825,0,1,0,1,1,1,0,0,1,0,1,1,0
0,739,32,739,Mac,Yahoo,235,Paypal,35,10,Midwest,75,1050,0,1,0,1,1,0,0,0,0,1,1,0,1
1,4495,38,4495,iOS,Gmail,313,Credit,77,59,Midwest,30,210,0,1,1,0,1,0,1,0,1,1,1,0,0
0,905,57,905,Android,Gmail,186,Credit,43,91,Northeast,11,55,0,1,1,0,1,0,0,0,1,1,0,1,0
0,1533,37,3066,iOS,Gmail,353,Paypal,82,10,Northwest,56,1008,0,1,0,0,1,0,1,1,1,1,0,1,0
0,3151,55,9453,Mac,Gmail,235,Credit,18,55,Northeast,92,736,0,0,0,0,0,0,0,0,1,1,1,0,0
0,2265,35,2265,PC,Gmail,143,Debit,0,48,Northwest,48,384,0,0,0,0,1,0,1,0,1,0,1,1,1
0,2234,58,6702,Mac,Other,149,Debit,25,48,Southwest,65,650,0,1,1,1,1,0,0,1,1,0,0,0,0
1,3400,45,6800,Android,Yahoo,344,Debit,85,32,Northeast,79,948,0,1,0,1,1,1,1,0,1,1,1,1,1
0,4929,39,19716,iOS,Gmail,103,Credit,8,92,Northeast,80,1600,0,1,1,0,0,0,1,0,1,1,0,0,0
0,645,51,645,PC,Other,71,Debit,97,22,Northwest,40,520,0,1,1,0,0,1,0,0,1,0,0,1,1
1,1880,25,7520,Mac,Other,192,Credit,2,72,Southwest,91,1456,0,1,1,1,1,0,0,0,1,1,1,0,0
0,1977,26,7908,Android,Yahoo,287,Credit,71,87,Southeast,22,198,0,1,0,1,1,0,0,0,0,0,0,1,1
0,3088,29,6176,Android,Gmail,167,Paypal,39,58,Northeast,15,255,1,1,1,0,1,0,0,0,0,1,0,0,0
0,2583,25,10332,Android,Gmail,150,Credit,68,38,Northeast,88,616,0,1,0,0,1,0,0,0,1,1,1,0,1
0,885,33,885,Mac,Other,361,Paypal,81,9,Midwest,56,224,0,1,1,0,1,0,0,0,1,0,1,0,0
0,1248,38,1248,Mac,Gmail,139,Credit,84,88,Northwest,85,510,1,1,0,0,1,0,0,0,1,0,1,1,0
1,3911,30,3911,Mac,Gmail,182,Credit,51,78,Northeast,72,1440,0,1,0,0,1,0,0,0,1,1,1,1,0
0,626,25,1252,iOS,Other,51,Credit,52,96,Northeast,7,147,0,1,0,0,1,0,0,0,1,0,0,0,1
0,1799,31,5397,PC,Gmail,332,Credit,45,69,Northeast,104,728,0,1,1,0,1,0,0,0,1,0,1,1,0
0,3415,44,3415,iOS,Gmail,113,Credit,25,93,Southwest,95,1330,1,1,1,0,0,1,1,0,1,1,0,1,1
0,2848,60,5696,Mac,Other,164,Debit,44,0,Northeast,72,648,0,1,0,0,1,0,0,1,1,0,0,0,0
0,2992,27,2992,PC,Yahoo,53,Credit,1,37,Southeast,52,1040,0,1,1,1,1,0,0,0,1,0,1,0,0
0,3331,55,6662,iOS,Other,179,Paypal,52,89,Northwest,78,1482,0,1,1,0,0,1,0,0,1,1,1,0,0
0,430,47,1290,iOS,Other,73,Credit,68,29,Northeast,67,201,0,1,1,0,1,0,0,0,1,1,0,0,0
1,2701,24,10804,iOS,Other,337,Debit,68,55,Northwest,63,1008,0,0,1,0,1,0,1,0,1,1,1,1,0
1,4841,61,14523,PC,Gmail,223,Credit,40,86,Northwest,80,1200,1,1,1,1,1,0,1,0,1,0,1,1,0
0,1537,31,4611,iOS,Other,100,Debit,70,10,Northwest,23,299,0,1,1,0,1,0,0,0,1,0,0,1,1
0,3898,28,11694,Mac,Gmail,160,Credit,53,68,Northwest,3,21,0,1,1,0,1,0,0,0,1,0,1,0,0
1,4992,27,4992,Android,Yahoo,163,Paypal,83,2,Northeast,92,1380,1,1,0,0,1,0,0,0,0,1,1,0,0
0,1967,27,5901,PC,Other,94,Credit,27,71,Northwest,75,600,0,1,0,0,1,0,0,1,0,1,1,0,1
0,861,52,3444,Mac,Gmail,105,Credit,24,62,Northeast,85,425,0,1,0,0,0,0,0,0,1,1,0,0,1
0,2180,59,2180,PC,Other,328,Debit,55,40,Northwest,33,627,0,1,0,0,1,0,0,0,1,1,1,0,1
0,3645,48,10935,PC,Gmail,250,Paypal,18,12,Southwest,13,143,1,1,0,0,1,0,0,0,1,0,1,0,0
0,847,27,3388,iOS,Gmail,146,Credit,60,21,Northeast,104,624,0,1,0,0,1,0,0,0,1,1,1,0,1
0,1438,29,1438,Android,Other,149,Credit,31,13,Northwest,62,434,0,1,1,0,1,1,0,0,1,1,1,0,1
0,389,55,389,PC,Gmail,162,Credit,98,84,Northeast,96,960,0,1,1,0,1,0,0,0,1,0,1,1,1
0,4223,37,8446,PC,Gmail,158,Credit,80,28,Northeast,4,72,0,1,1,0,0,0,1,1,1,0,1,0,1
0,2013,36,8052,iOS,Other,253,Paypal,13,64,Southeast,4,56,0,1,0,1,1,0,0,0,1,0,1,1,1
0,3386,32,3386,Android,Other,203,Credit,42,44,Southwest,92,1932,0,1,1,0,0,0,0,0,1,1,1,0,1
0,2769,51,2769,Android,Gmail,288,Credit,27,66,Southwest,68,680,0,1,1,0,1,1,0,1,1,0,0,1,0
1,157,42,157,PC,Gmail,245,Paypal,52,21,Northeast,68,1020,1,0,1,0,1,0,0,1,1,1,1,0,1
0,2005,41,8020,iOS,Other,119,Paypal,59,53,Midwest,58,1218,0,1,1,1,0,0,1,0,1,0,1,1,0
0,448,28,896,Android,Yahoo,151,Credit,23,93,Northwest,53,901,0,0,0,1,1,0,0,0,1,0,0,0,1
0,4302,33,8604,PC,Gmail,276,Credit,62,89,Northeast,19,114,0,1,1,0,1,0,0,0,1,0,0,1,1
0,2776,31,5552,PC,Other,214,Credit,20,4,Northwest,28,532,1,1,0,0,1,0,1,0,1,0,0,0,1
0,1055,60,4220,Android,Gmail,219,Paypal,42,59,Northwest,33,627,0,1,0,0,0,0,1,1,1,0,1,1,0
0,1237,29,1237,Android,Gmail,226,Paypal,73,28,Northeast,7,105,0,0,1,1,1,0,0,0,1,0,1,0,0
0,2045,52,4090,Mac,Other,51,Paypal,94,71,Northeast,86,258,1,1,1,0,0,1,0,0,1,1,1,1,1
0,4715,61,14145,iOS,Other,95,Paypal,74,15,Northeast,75,1425,0,1,0,0,1,0,0,0,1,1,1,0,0
0,1018,60,3054,Android,Yahoo,356,Paypal,70,17,Southeast,62,992,0,1,0,1,0,0,0,0,1,0,1,1,0
0,678,35,2034,Android,Gmail,93,Debit,69,88,Northeast,97,1746,0,0,1,1,1,1,0,0,1,0,1,1,1
1,4948,54,4948,Mac,Gmail,159,Credit,20,55,Northeast,50,600,1,1,1,1,1,0,1,0,1,0,1,0,0
0,3331,26,13324,iOS,Gmail,271,Paypal,31,86,Southeast,91,728,1,0,1,0,1,0,0,0,1,1,0,1,1
0,1206,61,3618,iOS,Gmail,202,Paypal,1,87,Southwest,50,850,1,1,1,0,0,0,0,0,1,1,0,0,1
0,893,23,893,iOS,Gmail,84,Paypal,100,34,Southeast,60,180,0,1,1,0,1,0,0,0,1,1,0,1,0
0,2031,35,6093,Mac,Other,138,Paypal,61,73,Northwest,81,1215,0,1,1,0,1,0,0,0,1,0,0,0,0
0,1430,47,2860,iOS,Other,49,Paypal,42,81,Northeast,100,1500,0,1,0,0,1,1,1,0,1,1,1,0,1
0,3478,42,6956,iOS,Other,148,Credit,51,62,Northeast,19,133,0,0,0,0,1,0,0,0,1,1,0,1,0
0,2000,54,6000,Android,Gmail,65,Credit,12,57,Southeast,23,161,0,0,1,0,1,0,0,1,1,0,0,1,1
1,3834,53,15336,PC,Other,351,Credit,67,10,Northeast,42,336,0,0,1,0,0,0,1,1,1,1,1,1,0
1,4620,37,4620,Mac,Other,263,Debit,82,38,Southwest,17,102,0,1,1,0,0,1,1,0,1,1,1,1,1
0,4960,32,14880,Android,Other,33,Debit,50,23,Midwest,50,400,0,1,1,0,0,1,0,0,1,1,1,0,0
0,3483,40,13932,PC,Gmail,143,Credit,44,64,Northwest,70,1190,0,1,1,0,1,0,1,1,1,0,0,1,0
0,1876,59,3752,iOS,Other,174,Debit,8,12,Northwest,2,28,0,1,1,0,1,0,0,0,1,1,0,1,0
0,2353,52,2353,PC,Gmail,311,Credit,53,55,Northwest,16,128,0,1,0,0,1,0,0,0,1,0,1,0,1
1,291,61,582,Mac,Other,172,Credit,21,25,Northeast,90,1620,0,1,1,1,1,0,1,1,1,1,0,0,0
0,3108,46,12432,Android,Other,224,Credit,97,76,Northeast,31,124,0,1,1,0,1,1,0,0,0,0,0,0,0
0,4350,37,8700,Android,Other,274,Paypal,19,3,Southwest,1,14,0,1,1,1,1,0,0,0,1,0,1,0,0
0,268,44,1072,iOS,Gmail,297,Paypal,65,20,Northwest,64,640,0,1,0,0,1,0,0,0,1,0,1,0,0
0,3252,36,9756,PC,Gmail,171,Paypal,91,44,Midwest,85,1020,0,1,1,1,0,1,0,0,1,1,0,0,1
0,326,60,978,Mac,Gmail,45,Credit,40,41,Northeast,86,344,0,1,0,0,1,0,0,0,1,0,0,1,0
1,4404,30,4404,PC,Other,250,Debit,50,87,Midwest,94,1786,0,1,1,0,1,1,0,0,1,1,1,0,1
0,4328,56,4328,iOS,Gmail,74,Paypal,37,83,Southeast,61,549,0,1,1,0,1,0,0,0,0,0,0,1,0
0,183,61,549,iOS,Gmail,43,Credit,92,69,Northeast,18,90,0,0,1,0,1,0,0,0,1,1,1,0,0
0,3448,30,3448,PC,Gmail,251,Paypal,24,43,Northwest,23,92,0,1,0,1,1,0,0,0,1,0,0,1,0
1,3852,29,3852,PC,Gmail,162,Paypal,2,90,Southeast,74,962,0,1,1,0,1,1,0,0,1,0,1,1,1
0,1994,40,3988,iOS,Gmail,325,Debit,23,31,Southwest,78,1482,0,1,0,0,1,0,1,0,1,1,0,0,0
1,2393,39,2393,iOS,Other,149,Credit,55,25,Northeast,36,504,0,1,0,1,1,0,0,1,1,1,1,0,0
0,1799,23,3598,iOS,Other,128,Debit,37,19,Midwest,80,560,1,1,1,0,0,0,0,0,0,0,1,1,0
0,2417,45,2417,Mac,Other,117,Credit,90,52,Southeast,58,290,1,1,1,0,1,0,0,0,1,0,0,0,1
0,4866,23,19464,iOS,Gmail,74,Credit,32,99,Northeast,35,315,0,1,1,0,0,0,0,0,0,1,0,0,1
0,4164,40,8328,PC,Other,297,Paypal,69,17,Midwest,62,248,0,1,0,0,1,0,0,0,1,1,0,0,0
0,2897,61,5794,PC,Yahoo,132,Credit,65,84,Northeast,62,682,0,1,0,0,1,1,0,1,1,0,0,1,1
0,1654,29,4962,Mac,Other,263,Debit,47,67,Midwest,57,1197,0,1,1,0,1,0,0,0,1,1,1,0,0
0,4458,39,8916,Android,Gmail,127,Credit,19,72,Northeast,28,112,0,1,0,0,1,1,0,0,1,0,1,0,0
1,3942,34,3942,PC,Gmail,309,Credit,74,65,Northeast,80,560,0,1,1,1,1,0,0,0,1,1,0,0,0
0,3287,35,13148,iOS,Gmail,69,Debit,78,59,Midwest,89,1157,0,1,1,0,1,0,1,1,1,0,1,0,1
0,3255,61,6510,Mac,Gmail,295,Paypal,44,11,Northeast,28,308,0,1,1,0,1,0,1,1,0,0,0,0,0
0,534,34,2136,iOS,Gmail,210,Debit,1,89,Northwest,23,184,0,1,0,0,0,0,0,1,1,0,1,0,0
0,2435,29,4870,Android,Other,263,Paypal,18,47,Southwest,104,1768,1,1,0,0,1,0,1,0,1,1,1,1,0
0,1682,25,6728,iOS,Yahoo,295,Debit,2,90,Northeast,43,301,0,1,0,0,1,1,0,0,1,0,1,1,1
0,3334,30,10002,Mac,Other,185,Debit,97,35,Southeast,76,760,0,0,0,0,1,0,0,0,1,1,1,0,0
0,1856,28,5568,PC,Other,192,Credit,5,95,Northeast,95,1140,0,1,0,0,1,0,0,0,1,1,1,0,1
1,4672,50,4672,Android,Gmail,316,Paypal,95,87,Northeast,62,806,0,1,1,0,0,1,1,1,1,0,0,1,1
1,4826,57,9652,Android,Gmail,202,Credit,77,67,Northeast,41,861,0,1,0,1,1,0,0,1,1,1,1,0,1
0,2545,38,5090,PC,Gmail,199,Credit,34,63,Northeast,83,1743,0,1,1,0,1,0,0,0,1,0,1,1,0
0,2503,24,5006,Android,Other,299,Debit,50,4,Midwest,57,399,0,1,1,0,1,0,0,0,1,0,1,1,0
0,2291,36,6873,PC,Other,348,Credit,68,53,Northwest,26,130,0,1,1,0,1,0,0,0,1,0,0,0,0
0,4371,58,17484,PC,Gmail,207,Paypal,55,16,Northwest,74,444,1,1,1,0,1,1,0,0,1,0,0,1,0
0,341,43,1364,Android,Gmail,151,Credit,30,31,Northeast,54,1026,0,1,0,0,1,0,1,0,1,0,0,1,1
0,4799,40,4799,Android,Gmail,147,Paypal,5,100,Midwest,32,320,0,1,1,1,0,0,0,0,1,0,1,0,1
0,624,42,1872,Android,Yahoo,108,Debit,97,14,Northwest,12,180,1,1,1,1,1,0,1,0,1,1,0,1,0
0,3084,51,9252,iOS,Yahoo,282,Debit,13,74,Southeast,62,868,0,1,0,0,1,0,0,1,1,0,1,1,0
0,2053,40,8212,Mac,Gmail,110,Paypal,15,28,Southwest,1,8,1,1,1,0,1,0,0,0,1,0,0,0,1
0,2571,53,7713,PC,Other,78,Credit,2,34,Midwest,25,125,1,1,0,0,1,0,0,0,1,0,1,1,1
0,481,60,481,Android,Other,305,Credit,48,44,Midwest,30,180,0,0,1,0,1,0,0,0,1,1,0,1,0
0,1441,48,4323,Android,Gmail,315,Paypal,88,23,Northwest,96,2016,0,1,0,0,1,0,0,1,1,0,0,0,1
1,3692,43,14768,iOS,Other,171,Credit,51,48,Northeast,4,32,0,1,1,0,1,0,0,0,1,1,1,0,1
0,2373,39,7119,Mac,Other,121,Debit,75,60,Northeast,26,104,0,1,1,1,1,0,0,1,1,0,1,0,1
0,790,51,2370,PC,Other,148,Credit,24,55,Northeast,41,533,0,1,1,0,1,1,1,0,1,1,0,1,0
0,3268,22,9804,PC,Gmail,253,Credit,64,26,Northwest,23,69,0,1,0,0,1,1,0,0,1,1,1,1,0
0,335,58,670,Mac,Gmail,278,Paypal,16,33,Southeast,84,588,0,1,1,0,1,0,0,0,0,1,1,1,1
0,1242,57,4968,Android,Other,50,Credit,47,45,Southeast,39,195,0,1,0,0,1,0,1,0,1,0,1,1,0
0,545,23,545,iOS,Gmail,332,Paypal,94,70,Northeast,29,551,0,0,1,0,0,0,0,0,1,1,0,1,0
0,2318,28,4636,iOS,Other,81,Credit,53,33,Southwest,89,623,0,1,1,0,1,0,0,0,1,1,1,0,1
0,1324,61,1324,iOS,Gmail,278,Credit,66,40,Northeast,79,1185,0,1,0,0,1,0,0,0,1,0,0,0,0
0,4850,40,19400,Mac,Gmail,205,Paypal,100,6,Northeast,19,361,0,1,0,0,1,0,0,0,1,1,0,0,1
0,2509,52,10036,Android,Other,237,Credit,97,42,Northwest,61,732,0,1,0,0,0,1,0,0,1,0,0,0,0
1,2260,45,9040,Android,Gmail,181,Paypal,98,82,Northeast,29,203,0,1,1,0,1,1,1,0,1,0,1,0,0
0,2001,29,2001,Mac,Gmail,73,Credit,55,8,Northeast,47,564,0,0,1,1,1,0,0,0,1,1,0,1,0
1,4535,54,18140,PC,Gmail,287,Paypal,74,84,Northeast,19,190,0,1,0,1,1,0,0,0,1,0,1,0,0
0,1688,31,6752,PC,Other,219,Credit,32,18,Northeast,3,30,0,1,1,0,1,0,0,1,1,0,0,1,1
0,4790,38,9580,PC,Other,344,Credit,98,66,Southwest,12,156,0,1,0,0,1,0,0,0,1,0,0,1,0
0,3576,26,7152,iOS,Other,182,Paypal,50,42,Northwest,4,52,1,1,1,0,1,0,0,0,1,0,1,1,0
0,3043,29,6086,Android,Gmail,215,Credit,3,91,Northwest,79,1659,0,1,1,1,1,0,0,0,1,0,0,1,1
0,906,50,906,PC,Yahoo,332,Paypal,64,12,Midwest,48,480,0,1,0,0,1,0,0,1,1,1,1,0,1
0,511,36,1533,PC,Other,287,Credit,82,9,Northeast,11,209,0,1,0,0,1,0,0,0,1,0,0,1,0
0,2180,46,2180,Android,Gmail,181,Debit,53,30,Northwest,44,748,0,1,0,0,1,0,1,0,0,1,0,1,0
0,270,61,810,PC,Other,202,Credit,81,76,Southwest,4,16,0,1,0,1,1,0,1,1,1,0,1,0,1
0,3182,53,9546,Mac,Other,157,Paypal,67,19,Northwest,56,1008,0,1,1,0,1,0,0,0,1,1,1,0,1
0,2534,23,10136,Android,Yahoo,331,Paypal,41,26,Northeast,73,1241,0,1,0,0,1,0,0,0,1,1,1,1,0
0,2748,52,8244,Android,Gmail,105,Credit,100,12,Northwest,71,1207,1,1,0,1,0,1,0,0,1,0,0,1,1
0,4485,54,8970,Mac,Gmail,255,Credit,49,75,Northwest,11,187,0,1,1,0,1,0,0,0,1,0,1,1,1
1,4381,24,17524,PC,Other,336,Credit,46,41,Northwest,48,864,0,1,1,0,1,0,1,1,0,1,1,0,1
1,4541,45,13623,Mac,Gmail,302,Credit,11,82,Midwest,99,1386,1,1,1,1,0,0,0,0,1,0,1,0,1
0,3255,57,9765,PC,Other,33,Credit,76,34,Northeast,27,216,0,1,1,0,1,1,0,0,1,0,1,0,0
0,1693,23,1693,Android,Other,199,Debit,2,82,Northwest,80,1280,0,1,0,0,1,0,0,0,1,1,0,1,0
0,201,23,804,PC,Gmail,149,Paypal,62,93,Midwest,19,380,1,1,1,0,1,0,0,0,1,1,1,1,0
0,2640,30,7920,iOS,Other,152,Paypal,41,80,Northeast,86,946,1,1,1,1,1,0,0,0,1,0,0,1,0
1,4296,28,17184,Mac,Gmail,57,Credit,77,64,Northeast,16,96,0,1,0,1,1,0,0,0,1,1,0,1,1
0,4620,51,13860,Mac,Other,52,Credit,58,74,Southwest,43,129,0,1,0,1,1,1,0,1,1,0,0,1,1
0,4645,24,9290,Mac,Gmail,75,Paypal,58,22,Northeast,51,357,0,1,0,0,1,0,0,0,1,0,0,1,1
1,4677,29,4677,iOS,Other,153,Credit,49,9,Southeast,91,1729,0,1,1,0,1,1,0,0,1,1,0,0,0
0,4886,40,14658,Mac,Gmail,200,Paypal,35,83,Southwest,68,1428,0,1,1,0,1,0,0,0,1,0,1,1,0
0,3378,52,10134,Android,Other,179,Credit,72,17,Northwest,45,630,0,1,1,0,1,0,0,0,1,0,0,0,1
0,3375,40,6750,Android,Other,58,Credit,8,33,Northwest,91,1456,0,0,1,0,1,0,0,0,0,0,0,0,1
0,4350,37,17400,iOS,Gmail,175,Debit,76,81,Southwest,18,306,0,1,1,0,1,0,0,0,0,1,1,0,1
0,2286,58,2286,Android,Gmail,303,Credit,74,25,Northeast,51,663,0,1,1,0,1,0,0,0,1,1,1,0,1
0,1388,39,5552,iOS,Other,66,Paypal,45,34,Midwest,20,160,0,1,0,1,1,0,1,0,1,0,0,0,0
0,2176,43,6528,PC,Other,104,Paypal,1,48,Northwest,3,51,0,1,1,0,1,1,1,0,1,0,1,1,0
0,844,23,2532,iOS,Gmail,321,Credit,85,69,Northwest,55,275,0,1,1,0,1,0,1,0,1,1,1,0,1
0,728,46,1456,iOS,Gmail,127,Credit,87,63,Northwest,12,84,0,0,0,0,1,1,1,0,1,0,0,1,0
0,2391,30,7173,Mac,Other,149,Debit,99,31,Northwest,13,156,1,1,0,0,1,0,0,0,1,1,0,1,0
0,1520,53,3040,PC,Gmail,211,Debit,13,99,Southeast,53,159,0,1,1,0,1,0,0,0,1,0,1,0,1
0,2616,26,5232,Android,Other,63,Debit,65,41,Northeast,44,352,1,1,1,1,1,0,0,1,1,0,0,0,1
0,2065,41,4130,Android,Other,179,Paypal,77,19,Northwest,99,693,0,0,1,0,1,0,0,0,1,0,1,1,0
0,2101,55,2101,Mac,Other,268,Credit,26,85,Northeast,45,495,0,1,0,0,0,1,0,0,0,1,1,1,0
0,1745,31,6980,Android,Gmail,128,Credit,86,7,Southeast,62,1178,0,1,0,0,0,0,1,1,1,0,1,0,1
1,1280,29,5120,Android,Gmail,350,Paypal,43,39,Midwest,10,140,1,1,0,0,1,0,1,1,1,1,0,0,0
0,1135,53,1135,Android,Gmail,303,Credit,10,73,Southeast,18,306,0,1,1,0,0,0,0,1,1,0,0,0,0
0,2027,34,2027,PC,Other,145,Paypal,60,67,Northeast,61,1098,0,1,0,0,1,0,0,0,1,0,1,1,0
0,1868,54,7472,PC,Other,49,Credit,17,14,Midwest,69,1380,0,1,0,0,0,0,0,0,1,1,0,1,1
1,3430,23,13720,Mac,Other,167,Paypal,49,73,Northwest,11,165,0,1,1,0,1,0,1,0,0,0,1,0,0
0,4710,27,4710,Mac,Gmail,38,Paypal,43,20,Northwest,6,114,0,1,1,0,1,0,0,0,0,1,1,0,0
0,3580,47,7160,iOS,Other,318,Debit,60,27,Southwest,72,1296,0,1,0,0,1,0,0,0,1,0,1,0,0
1,3372,59,10116,PC,Other,162,Paypal,86,30,Northwest,95,760,1,1,1,1,1,1,1,0,1,0,1,1,0
0,2605,59,2605,Android,Gmail,249,Debit,10,96,Northeast,66,1254,0,1,0,0,0,1,0,0,1,1,0,1,0
0,952,33,2856,iOS,Other,250,Debit,19,64,Midwest,82,410,0,1,0,0,1,0,0,1,1,0,1,0,0
0,347,48,694,Android,Gmail,341,Credit,69,36,Southwest,87,261,0,1,1,1,1,0,0,1,1,0,0,0,0
1,4476,54,17904,Android,Gmail,315,Credit,19,78,Southwest,66,858,1,0,1,0,1,0,0,1,1,1,0,1,0
0,1081,33,1081,Android,Other,222,Paypal,47,56,Midwest,37,370,0,1,0,0,1,0,0,0,1,1,0,0,0
0,4846,30,14538,iOS,Gmail,169,Paypal,3,34,Southwest,31,310,0,1,1,0,1,0,0,0,1,0,1,0,0
0,816,57,2448,PC,Gmail,181,Credit,68,21,Southeast,16,288,0,1,0,0,1,0,1,0,1,1,0,1,0
0,2029,38,2029,Mac,Other,98,Debit,27,86,Northeast,97,1164,0,1,0,0,1,0,1,0,1,1,1,0,0
1,3123,55,9369,Mac,Gmail,50,Debit,6,12,Northeast,80,240,1,1,1,0,1,0,1,0,1,0,1,1,0
0,1453,35,5812,iOS,Gmail,47,Paypal,70,30,Northwest,48,288,1,1,0,0,1,1,0,1,1,1,1,1,0
0,2669,28,5338,Android,Gmail,85,Paypal,53,67,Southwest,92,276,1,1,0,0,1,0,0,0,0,0,0,0,0
0,197,44,591,iOS,Other,85,Paypal,87,30,Southeast,62,434,0,1,1,0,1,0,0,0,0,0,1,1,0
0,3451,51,6902,Mac,Yahoo,48,Credit,10,72,Northwest,90,1530,0,1,1,0,1,1,0,0,1,0,0,0,1
0,2015,36,2015,Mac,Gmail,173,Credit,14,37,Northwest,40,280,0,1,1,0,1,1,0,0,1,1,1,1,1
0,339,56,678,Android,Yahoo,127,Credit,92,41,Southwest,71,852,0,1,0,0,1,0,0,0,0,1,0,1,0
0,778,61,3112,Android,Other,34,Credit,31,24,Midwest,56,448,1,1,1,1,1,1,0,0,1,1,1,1,1
0,2209,25,6627,iOS,Gmail,343,Paypal,35,74,Northeast,73,949,0,1,0,0,1,0,0,0,1,0,1,1,1
0,278,58,834,Android,Yahoo,213,Credit,53,87,Northwest,81,486,0,1,0,0,0,0,0,1,1,1,0,1,0
0,2835,59,11340,PC,Gmail,352,Paypal,96,57,Southwest,3,18,0,1,0,1,1,0,0,0,1,0,0,1,1
0,1318,24,3954,PC,Gmail,176,Credit,36,99,Midwest,60,720,0,1,1,0,1,0,0,0,1,1,0,1,0
0,725,43,2175,PC,Gmail,317,Credit,83,32,Southwest,82,1148,0,1,0,0,0,1,0,0,1,0,0,0,0
0,3408,42,6816,Mac,Other,209,Credit,93,81,Southwest,57,798,0,1,1,0,0,0,0,0,1,1,0,1,0
0,767,51,3068,iOS,Other,51,Debit,19,2,Midwest,73,1168,0,1,1,0,1,0,0,0,1,0,1,0,1
1,2487,22,9948,PC,Other,131,Credit,57,2,Southeast,7,84,0,1,1,1,1,1,1,0,1,1,1,0,1
0,3176,55,12704,Mac,Gmail,142,Paypal,70,38,Northwest,4,12,1,1,1,0,1,0,0,0,1,1,0,1,0
1,2286,41,2286,PC,Other,48,Credit,52,19,Northeast,92,828,0,1,1,0,1,0,1,0,1,1,1,0,1
0,207,60,828,PC,Other,95,Debit,39,14,Northwest,4,72,0,1,1,0,1,0,1,0,1,0,0,1,0
0,4485,27,17940,iOS,Gmail,294,Paypal,11,11,Northwest,15,150,1,1,1,0,0,0,0,0,1,1,0,1,0
0,1606,56,3212,PC,Yahoo,311,Credit,4,81,Southeast,87,1305,0,1,0,0,1,0,0,0,1,1,1,1,0
1,3400,33,10200,PC,Other,329,Paypal,71,66,Midwest,11,143,1,1,1,0,0,0,0,0,1,1,1,0,0
0,2098,32,2098,Android,Other,58,Debit,76,94,Midwest,68,1292,0,1,0,1,1,1,0,1,1,0,0,1,0
0,3520,52,14080,Android,Other,216,Debit,33,29,Southwest,33,528,0,1,1,0,1,0,0,0,1,1,1,0,0
0,4640,34,18560,iOS,Yahoo,300,Debit,79,92,Southwest,36,576,0,1,1,0,1,0,0,0,1,1,1,1,0
0,3917,25,11751,Mac,Gmail,72,Debit,47,0,Northeast,59,649,0,1,1,0,1,1,0,0,1,1,1,0,0
1,4470,42,4470,Android,Gmail,125,Credit,30,86,Northeast,96,1920,1,1,0,1,1,0,0,0,1,1,1,0,0
0,3571,53,7142,iOS,Other,292,Paypal,20,87,Northeast,21,210,0,1,0,1,1,0,0,0,1,0,1,1,0
0,2948,35,2948,Mac,Gmail,227,Debit,33,80,Northeast,28,364,0,1,0,0,0,0,0,0,1,1,0,0,0
0,4018,37,4018,Android,Gmail,162,Paypal,29,16,Northeast,40,720,0,1,0,1,1,0,0,0,1,0,1,1,1
1,4702,45,14106,Android,Gmail,236,Credit,21,56,Southwest,43,860,0,1,1,1,1,1,1,0,1,0,0,1,0
0,1183,42,3549,Android,Gmail,97,Credit,66,35,Northeast,23,161,0,1,1,1,1,0,0,1,1,0,1,1,0
0,381,28,1524,iOS,Other,245,Credit,57,52,Northeast,93,1767,0,1,1,0,1,0,0,0,1,1,1,1,1
1,1777,52,3554,PC,Gmail,298,Credit,100,59,Northeast,63,630,0,1,0,0,1,1,0,0,1,1,1,1,1
0,2236,48,8944,Android,Other,348,Debit,34,47,Midwest,43,602,0,1,1,0,1,0,0,0,1,1,1,1,0
0,4522,30,18088,Android,Gmail,135,Credit,97,2,Southwest,39,351,1,1,1,1,1,0,0,0,1,0,0,0,1
1,4799,36,19196,iOS,Gmail,220,Credit,95,69,Midwest,19,380,1,1,1,0,1,0,0,0,1,1,1,1,1
0,885,44,2655,Mac,Other,239,Credit,42,31,Midwest,10,120,0,1,0,0,1,1,0,0,1,0,1,1,0
0,1751,59,3502,iOS,Yahoo,205,Credit,29,33,Southeast,33,330,0,1,0,1,1,0,0,1,1,0,0,0,1
0,1126,49,2252,Mac,Gmail,119,Credit,32,53,Northwest,82,574,0,1,1,0,1,0,0,0,1,1,1,0,0
0,4301,38,8602,Mac,Gmail,178,Credit,57,42,Northeast,42,420,0,1,1,0,1,0,0,1,1,1,0,1,0
0,2887,38,5774,Android,Other,313,Credit,45,98,Southeast,46,322,0,1,0,0,0,0,0,0,1,0,1,1,0
0,4559,44,18236,Mac,Yahoo,61,Debit,65,21,Northwest,79,1422,0,1,1,1,1,0,0,0,1,0,0,1,1
1,2658,32,7974,Mac,Gmail,213,Credit,30,29,Southwest,18,72,1,0,1,1,1,0,1,0,1,1,1,0,1
1,2500,40,5000,PC,Other,263,Credit,21,1,Northeast,34,102,1,1,1,0,1,0,0,0,1,1,1,0,0
0,3802,46,3802,PC,Other,361,Paypal,71,68,Southwest,17,85,0,0,1,0,1,0,0,0,1,1,0,1,0
0,4421,49,8842,Mac,Gmail,69,Credit,63,75,Northwest,68,1428,0,1,1,0,1,0,0,0,1,1,1,1,1
0,252,26,756,Android,Yahoo,81,Credit,16,44,Northwest,69,828,1,1,0,0,0,0,0,0,1,1,1,0,1
1,2715,56,2715,iOS,Gmail,317,Credit,68,47,Northeast,86,516,0,1,0,0,1,0,1,1,1,1,1,1,0
1,3292,57,13168,PC,Yahoo,250,Paypal,6,16,Northwest,97,1164,1,1,0,0,1,0,0,0,1,1,0,0,0
0,4107,30,12321,Mac,Gmail,162,Debit,37,5,Northwest,25,275,0,1,0,0,1,0,0,0,1,1,1,0,0
0,1080,29,3240,Android,Gmail,92,Paypal,49,30,Northwest,90,1260,0,1,0,1,1,0,0,0,1,0,1,1,0
0,3248,43,6496,Android,Yahoo,49,Credit,4,51,Northwest,45,225,0,1,1,0,1,0,1,0,1,0,0,1,1
0,521,43,1563,Android,Gmail,221,Paypal,59,31,Northwest,3,18,0,1,1,0,1,0,0,0,1,0,1,0,0
0,1186,58,3558,PC,Yahoo,251,Debit,37,35,Southeast,1,7,0,1,0,0,1,0,0,0,1,1,0,1,1
0,1693,53,3386,iOS,Gmail,67,Credit,3,45,Northeast,102,2142,0,1,0,1,1,0,0,0,1,1,1,1,0
1,3725,34,3725,iOS,Gmail,165,Credit,30,53,Southeast,61,488,1,1,0,0,1,1,1,1,1,0,0,0,0
1,2338,32,9352,Android,Gmail,351,Paypal,0,98,Northwest,38,608,0,1,0,1,1,0,0,0,1,1,1,0,1
0,3697,61,11091,PC,Gmail,154,Debit,30,27,Northwest,94,470,0,1,1,0,1,0,0,0,1,0,0,1,1
0,4304,33,4304,iOS,Gmail,227,Paypal,17,61,Southwest,17,323,0,1,0,0,1,0,1,0,1,0,0,1,0
0,913,46,2739,iOS,Gmail,177,Paypal,31,41,Southeast,70,350,0,1,0,0,0,0,1,1,1,1,1,1,0
0,619,38,619,iOS,Gmail,167,Credit,29,95,Northwest,7,21,1,1,1,0,1,0,0,0,0,0,1,0,0
0,1452,41,4356,Mac,Gmail,309,Credit,62,48,Northeast,100,900,1,1,1,0,1,0,0,1,1,0,0,1,1
0,602,23,1204,Android,Other,249,Paypal,98,24,Southwest,2,14,0,1,1,0,1,0,0,0,1,0,1,1,0
0,1968,26,5904,Android,Gmail,200,Credit,20,10,Southwest,87,870,0,1,0,0,1,0,0,0,1,0,0,0,0
0,1952,23,1952,PC,Gmail,41,Credit,53,14,Northeast,42,882,0,1,0,1,0,1,0,1,1,0,1,1,1
0,1750,30,1750,Mac,Other,44,Credit,72,14,Southwest,56,616,1,1,1,0,0,1,1,0,1,0,0,1,0
0,1625,44,6500,Android,Other,290,Credit,7,6,Midwest,95,1140,0,1,1,0,1,0,0,0,1,1,0,1,1
0,120,27,480,Android,Other,56,Paypal,15,60,Northwest,22,132,1,1,1,0,1,0,1,1,1,1,1,0,0
0,4456,57,17824,Mac,Other,242,Credit,97,95,Northwest,46,782,0,0,1,0,1,0,0,0,1,1,0,0,0
0,2598,59,5196,PC,Other,66,Paypal,2,57,Northeast,96,768,0,1,1,0,1,0,0,1,1,0,0,1,0
0,2787,40,2787,PC,Gmail,197,Debit,54,50,Midwest,71,1349,0,1,0,0,1,0,0,0,1,0,1,0,0
0,2975,33,11900,Mac,Other,70,Paypal,38,47,Northeast,18,108,0,1,0,1,1,1,1,1,1,1,0,1,0
1,4385,52,8770,Android,Other,232,Credit,79,11,Southwest,77,1309,0,1,1,1,1,0,0,0,1,0,1,0,0
0,2542,60,2542,Mac,Gmail,173,Paypal,32,36,Northeast,6,54,0,1,1,0,1,0,1,0,1,0,0,1,0
0,4986,29,4986,Android,Other,86,Debit,46,62,Northwest,94,1692,0,1,0,0,0,0,0,0,1,0,1,0,1
0,2097,22,2097,Mac,Other,122,Credit,11,69,Southeast,85,510,1,0,0,1,1,0,0,0,1,1,1,0,0
0,2965,51,5930,PC,Other,341,Paypal,49,87,Southeast,24,216,0,1,1,0,1,0,0,0,0,0,1,1,0
0,2593,59,10372,Mac,Gmail,187,Credit,63,82,Northwest,54,540,0,1,0,0,1,0,0,0,1,0,0,1,0
0,3252,45,9756,PC,Other,276,Credit,55,73,Midwest,65,780,0,1,0,0,1,0,0,0,1,1,1,0,1
0,1201,23,1201,iOS,Other,335,Paypal,37,61,Southeast,20,120,1,1,1,1,1,0,0,1,1,1,1,1,0
0,837,56,3348,Android,Gmail,294,Debit,40,13,Northwest,104,1352,0,1,0,0,1,0,0,0,1,0,0,0,0
0,159,39,159,PC,Other,289,Credit,94,44,Midwest,54,162,0,1,0,0,1,1,0,0,1,0,1,0,0
1,1775,42,1775,Android,Gmail,230,Credit,24,57,Northeast,18,90,0,1,1,0,1,0,0,0,1,1,1,0,1
0,728,32,2912,PC,Gmail,346,Credit,9,98,Southwest,64,448,0,1,0,1,1,0,0,1,1,0,0,0,1
0,1556,47,4668,Android,Gmail,356,Paypal,56,18,Northwest,67,335,0,1,0,0,1,0,0,0,1,1,0,0,0
1,4416,58,8832,PC,Gmail,173,Credit,87,22,Northeast,17,357,1,1,1,0,1,0,0,0,1,1,0,0,1
0,3544,42,3544,iOS,Gmail,113,Debit,6,35,Southeast,103,2060,0,1,0,0,1,0,0,0,1,0,0,1,1
0,477,32,954,iOS,Gmail,147,Debit,29,61,Southwest,46,644,1,1,1,0,1,0,0,0,1,1,1,1,1
0,835,51,835,Android,Other,164,Credit,91,0,Midwest,29,377,0,1,1,0,0,1,0,0,1,0,1,0,1
0,2487,54,2487,iOS,Other,131,Credit,37,47,Northeast,79,790,0,1,1,0,0,0,0,0,1,1,0,1,1
1,4401,24,13203,Mac,Other,316,Credit,41,56,Northeast,104,1560,0,1,1,1,1,1,0,0,1,0,0,1,1
0,3980,25,11940,iOS,Other,345,Paypal,96,69,Northwest,91,1092,0,1,1,1,1,0,0,0,1,0,0,1,0
0,4105,36,8210,Mac,Gmail,273,Debit,86,83,Midwest,97,485,1,1,1,0,1,0,0,1,1,0,1,0,1
0,3620,59,14480,PC,Gmail,191,Credit,96,28,Midwest,66,396,0,1,0,0,1,0,0,0,1,1,0,0,0
0,438,35,1752,PC,Gmail,339,Paypal,26,68,Northwest,26,104,0,1,1,1,1,1,0,0,1,0,0,1,1
0,2153,55,4306,iOS,Other,308,Credit,75,59,Northwest,68,1224,0,1,0,0,1,1,0,0,1,1,0,1,0
0,2355,40,4710,PC,Other,246,Debit,89,62,Northwest,81,891,0,1,0,0,1,1,0,0,1,1,0,1,1
0,4227,30,16908,iOS,Gmail,245,Credit,82,80,Southeast,43,817,1,1,0,0,0,0,0,0,1,1,1,0,1
0,2196,36,4392,iOS,Gmail,165,Credit,23,55,Northeast,8,112,0,1,1,0,0,0,1,1,1,1,1,0,0
0,2409,52,7227,Android,Gmail,141,Debit,84,66,Northwest,21,105,0,0,1,0,1,0,0,0,1,1,0,1,0
0,1002,41,4008,Mac,Gmail,116,Paypal,10,80,Northwest,34,544,0,1,1,0,1,1,0,1,1,0,0,1,1
0,2845,30,5690,iOS,Other,219,Credit,51,65,Northeast,54,648,0,1,1,0,1,0,0,0,1,1,1,0,0
0,1059,27,2118,Android,Gmail,311,Debit,55,43,Midwest,60,600,0,1,0,0,0,1,0,0,1,0,1,1,0
0,2595,28,5190,iOS,Gmail,228,Paypal,33,49,Midwest,5,95,0,0,1,1,1,0,1,0,1,0,1,1,0
0,4664,51,9328,Android,Gmail,255,Credit,31,59,Southeast,71,355,0,1,0,0,0,0,0,0,1,0,0,0,1
0,2924,41,2924,Android,Other,307,Paypal,45,48,Southwest,5,55,0,1,1,0,1,0,1,0,1,1,0,0,1
0,147,29,441,PC,Other,313,Debit,45,89,Northeast,98,392,1,1,0,0,0,0,0,0,1,1,0,1,0
0,1185,52,3555,Mac,Other,76,Paypal,21,90,Midwest,38,304,1,1,1,0,1,0,0,0,1,1,1,1,0
0,306,54,918,PC,Gmail,290,Credit,39,78,Northwest,54,648,0,1,0,1,1,0,0,1,1,0,0,0,1
0,900,23,3600,iOS,Other,349,Debit,76,25,Northwest,74,1036,1,1,1,1,0,0,1,0,1,0,0,1,0
0,1868,49,3736,Mac,Gmail,41,Paypal,19,70,Northeast,64,1152,0,1,1,0,1,0,0,0,1,0,1,1,0
0,183,50,366,PC,Gmail,214,Credit,93,48,Southwest,8,72,0,1,0,0,1,0,0,0,1,1,0,1,1
0,353,57,1412,Mac,Gmail,131,Debit,60,50,Southwest,9,135,0,1,0,0,0,1,0,0,1,0,1,1,0
0,1955,47,7820,iOS,Gmail,203,Credit,32,34,Northeast,83,1245,0,1,0,0,1,0,0,0,1,0,0,1,0
0,4382,53,17528,Android,Other,128,Credit,5,80,Southwest,33,297,0,1,0,0,1,0,0,0,1,0,1,1,1
1,3786,39,3786,iOS,Gmail,297,Credit,85,11,Southwest,86,1806,0,1,1,1,1,0,1,0,1,0,1,0,0
1,4925,36,19700,Android,Other,312,Credit,87,41,Northeast,71,284,0,1,1,0,1,1,0,0,1,0,0,0,1
0,3629,25,10887,Mac,Other,115,Credit,29,97,Midwest,102,918,1,1,0,0,1,0,0,0,1,0,1,1,0
1,4525,30,4525,Mac,Other,273,Credit,89,97,Northeast,52,416,1,1,0,0,1,0,1,0,1,0,1,0,0
0,357,53,1428,Mac,Gmail,290,Credit,59,4,Midwest,88,1496,0,1,1,0,1,0,0,0,0,1,0,0,0
1,4759,45,19036,Android,Gmail,219,Credit,1,64,Northeast,66,528,1,1,0,0,1,0,0,0,1,1,1,0,1
0,517,33,2068,iOS,Gmail,249,Credit,74,29,Southwest,48,384,0,1,0,0,1,0,0,0,1,0,0,1,1
0,3364,46,3364,Android,Gmail,227,Paypal,38,76,Northwest,33,363,1,1,1,0,0,1,0,1,1,0,0,0,0
0,1008,28,1008,PC,Gmail,273,Paypal,25,47,Midwest,53,1113,0,1,0,0,1,0,0,1,1,1,0,0,1
0,2006,33,6018,Android,Gmail,183,Credit,90,52,Northeast,103,721,1,1,0,0,1,0,0,0,1,1,1,0,1
0,3263,36,13052,PC,Other,244,Debit,22,37,Southeast,49,833,0,1,1,0,1,0,0,1,0,0,0,0,1
0,2056,60,8224,iOS,Other,142,Credit,65,3,Northwest,13,65,0,1,1,0,0,1,0,0,1,1,1,1,1
0,1224,56,3672,Mac,Gmail,122,Paypal,54,36,Southeast,9,126,0,1,1,0,1,0,0,0,1,0,1,0,0
0,4334,37,13002,PC,Other,100,Paypal,41,28,Southeast,55,825,0,1,1,0,0,1,0,0,1,1,0,1,0
0,1054,35,4216,iOS,Gmail,42,Credit,23,70,Southwest,27,189,1,1,0,0,1,0,0,0,1,1,1,0,1
0,4876,56,9752,PC,Other,44,Debit,39,89,Northwest,70,420,0,1,1,0,1,0,1,0,1,0,0,0,0
0,4445,25,4445,Mac,Other,194,Paypal,18,31,Southeast,98,1176,0,1,1,1,1,0,0,1,1,1,0,0,0
0,2535,41,5070,PC,Gmail,201,Credit,96,50,Northwest,77,1309,0,1,0,0,1,0,0,1,1,1,1,1,0
1,4129,36,16516,Mac,Gmail,327,Paypal,56,50,Northwest,83,249,0,1,0,0,1,0,0,0,1,1,0,1,0
0,1392,22,5568,Mac,Other,181,Debit,19,32,Southwest,87,696,0,1,1,1,1,0,0,0,1,0,0,1,0
1,514,28,514,Android,Gmail,190,Debit,53,100,Northeast,66,594,0,1,1,0,1,0,0,0,1,1,1,0,0
0,726,60,1452,iOS,Gmail,44,Credit,18,24,Southwest,81,405,1,1,0,0,0,1,0,0,1,0,0,1,0
0,1958,32,1958,Mac,Gmail,67,Credit,9,88,Northwest,100,400,1,1,0,0,1,0,0,0,1,1,1,0,0
0,1976,32,1976,PC,Yahoo,211,Paypal,61,41,Midwest,74,592,0,1,1,1,1,0,0,0,1,0,0,0,0
0,3963,34,7926,Android,Gmail,207,Debit,83,44,Northwest,41,123,0,0,0,0,1,0,1,0,1,0,1,1,0
0,995,49,1990,iOS,Other,276,Credit,69,6,Northwest,45,765,0,1,0,0,0,0,0,0,1,0,1,1,0
0,3124,38,6248,Android,Other,84,Credit,6,66,Southwest,26,312,0,1,0,0,0,0,0,0,1,0,1,0,0
0,3848,37,11544,Android,Other,232,Paypal,61,48,Midwest,89,1068,0,0,0,0,1,0,0,0,1,1,1,1,1
0,3255,23,6510,PC,Other,44,Paypal,55,25,Midwest,69,1104,0,1,0,0,1,0,0,0,1,0,1,1,1
0,3391,53,10173,Android,Other,255,Credit,53,86,Southwest,104,312,0,1,1,0,1,0,0,0,1,0,0,1,1
0,2287,44,2287,PC,Other,248,Paypal,86,0,Northwest,38,418,0,1,0,0,1,1,0,0,1,1,0,0,0
1,4876,60,4876,iOS,Gmail,132,Credit,64,58,Northeast,41,123,0,1,1,0,1,1,0,0,1,1,1,0,1
0,4189,25,4189,Android,Yahoo,300,Paypal,86,72,Northeast,36,720,0,1,0,0,1,0,0,0,1,1,0,1,0
0,636,37,1908,Android,Other,249,Paypal,48,27,Northeast,66,396,0,1,1,0,1,0,0,0,1,0,1,1,0
0,1994,36,7976,Android,Other,324,Debit,78,2,Southwest,53,848,1,1,0,1,1,0,0,0,1,1,0,1,0
1,1792,23,7168,iOS,Gmail,344,Credit,82,87,Northeast,49,735,1,1,1,0,1,0,0,0,1,1,1,1,0
0,4759,35,14277,Mac,Yahoo,347,Credit,28,83,Northwest,1,15,1,1,1,0,1,1,0,0,1,1,1,1,0
0,279,27,279,iOS,Gmail,322,Credit,95,72,Midwest,32,512,0,1,0,0,1,0,0,0,1,0,0,0,1
0,2739,59,10956,iOS,Other,97,Credit,15,46,Northeast,92,828,1,1,1,0,1,0,0,1,0,0,1,1,0
0,4562,43,9124,PC,Other,299,Debit,17,39,Midwest,31,372,0,1,0,0,1,1,0,1,1,1,0,0,0
0,278,32,278,Mac,Other,198,Credit,57,59,Northeast,74,1332,1,0,1,0,0,0,0,0,1,0,1,0,1
0,480,45,1440,PC,Gmail,144,Credit,21,28,Southeast,62,868,0,1,1,1,1,1,0,0,1,0,0,0,0
0,4516,37,9032,Mac,Yahoo,45,Credit,33,5,Midwest,1,15,0,1,0,0,1,0,0,0,1,0,1,1,0
0,1019,28,4076,PC,Other,182,Credit,87,86,Northwest,58,174,0,1,1,0,1,0,0,1,1,1,1,0,1
0,2576,38,7728,Mac,Other,43,Debit,16,59,Northwest,20,280,1,1,0,0,0,1,0,1,1,0,0,1,0
0,752,38,3008,PC,Other,193,Debit,59,32,Southwest,4,32,0,1,0,0,1,0,0,0,0,1,1,1,0
0,3071,22,3071,PC,Other,115,Debit,23,89,Northwest,62,1178,0,1,1,0,1,1,0,0,1,1,1,1,0
0,2127,24,6381,Android,Gmail,166,Paypal,4,25,Northwest,101,808,0,1,1,0,1,1,0,0,1,0,1,1,1
0,4213,57,12639,PC,Yahoo,351,Credit,14,96,Southwest,2,16,0,1,1,0,1,0,1,0,1,0,1,0,1
0,449,22,1796,iOS,Gmail,65,Credit,23,4,Southeast,8,112,1,1,0,1,1,0,1,1,1,1,0,0,0
0,3512,23,3512,Android,Gmail,98,Paypal,57,94,Northwest,24,480,0,1,1,0,1,0,0,0,0,1,0,0,1
0,4924,49,4924,Mac,Yahoo,324,Debit,2,43,Southeast,94,1880,0,1,1,0,1,0,0,0,1,1,1,1,0
0,1899,59,5697,Android,Other,324,Paypal,54,46,Southwest,48,624,0,1,0,1,0,0,0,0,1,1,0,0,1
0,823,56,3292,iOS,Other,301,Credit,83,41,Northeast,74,1480,0,1,0,0,0,0,0,0,1,1,1,1,0
0,2965,32,8895,PC,Other,126,Credit,73,48,Northeast,35,280,0,1,0,0,1,0,0,1,1,0,0,1,0
0,1061,34,1061,PC,Gmail,61,Paypal,86,55,Northeast,54,324,0,1,0,0,0,0,1,1,1,0,1,0,1
0,1146,34,3438,Android,Gmail,226,Credit,18,40,Southeast,71,781,0,1,1,0,1,0,0,1,1,1,1,0,1
0,529,58,1058,Mac,Gmail,225,Credit,96,84,Northwest,32,320,0,1,1,0,1,0,0,0,1,0,0,1,0
0,2659,47,5318,Android,Gmail,307,Debit,35,27,Midwest,29,174,0,1,0,0,1,0,0,0,1,1,0,1,0
0,3254,55,6508,iOS,Gmail,338,Credit,65,68,Northwest,50,750,0,1,1,0,1,0,0,1,1,0,1,1,1
0,1051,56,2102,Android,Other,285,Debit,0,18,Northeast,19,114,0,1,0,0,1,0,0,0,1,0,0,1,0
0,3627,45,10881,Android,Gmail,360,Debit,11,33,Northwest,58,580,0,1,1,0,1,1,0,0,1,1,0,1,0
0,4972,47,14916,PC,Gmail,195,Credit,81,9,Northwest,58,348,0,1,0,1,0,0,0,1,1,0,1,1,0
0,1673,45,6692,iOS,Other,334,Credit,85,34,Northwest,32,640,0,1,0,0,1,0,0,0,1,0,1,0,1
0,2314,48,4628,Android,Other,246,Debit,16,59,Northwest,87,348,1,1,0,1,0,0,0,0,1,1,1,1,1
0,2396,28,2396,iOS,Gmail,88,Paypal,71,75,Northeast,11,33,1,1,0,0,1,0,0,0,1,0,1,0,0
0,2971,26,11884,PC,Gmail,326,Debit,56,96,Southwest,79,869,0,1,0,0,0,0,0,1,1,1,1,0,0
1,4357,51,13071,iOS,Gmail,106,Paypal,78,86,Southwest,56,336,0,1,0,0,1,0,0,0,1,0,1,0,0
0,4174,43,16696,Android,Other,52,Credit,25,53,Northwest,32,128,0,1,1,0,1,1,0,1,1,1,1,0,0
0,2283,52,2283,Mac,Yahoo,76,Credit,75,50,Northwest,44,352,0,1,1,0,1,0,0,0,1,1,0,0,1
0,3098,53,3098,Mac,Other,81,Paypal,39,43,Midwest,7,84,0,1,0,0,1,0,0,0,1,1,1,0,1
0,4769,34,19076,PC,Other,80,Paypal,0,13,Northeast,14,70,0,1,1,0,1,0,0,0,1,0,0,0,1
0,4431,50,8862,Android,Other,119,Debit,64,32,Southwest,23,437,0,1,0,1,1,0,0,0,1,0,1,0,0
0,4785,32,19140,Android,Other,87,Credit,1,1,Northwest,73,1095,0,1,0,0,1,0,0,0,1,1,1,0,0
0,2033,28,8132,iOS,Gmail,104,Debit,37,70,Northwest,70,490,0,1,1,0,1,0,0,0,1,0,1,1,0
0,244,38,732,Mac,Other,133,Credit,34,56,Northeast,39,117,0,1,0,0,1,0,1,0,0,0,0,0,0
0,2993,51,8979,PC,Other,60,Credit,97,76,Northeast,75,1050,0,1,1,0,1,0,0,1,0,0,0,0,0
0,3803,59,3803,Mac,Other,165,Credit,61,29,Northwest,45,540,0,1,0,0,1,0,1,1,1,1,1,0,1
0,130,30,260,Mac,Yahoo,151,Credit,2,38,Northwest,33,198,0,1,1,0,1,0,1,0,1,1,0,0,1
0,4494,27,4494,iOS,Other,209,Credit,68,0,Midwest,28,392,0,0,1,0,1,0,0,1,1,0,0,0,0
0,355,24,1420,iOS,Gmail,208,Credit,34,7,Northwest,100,1400,0,1,0,0,1,0,1,1,1,0,1,0,1
0,3030,51,3030,Android,Yahoo,300,Credit,48,7,Southwest,1,19,1,1,0,0,1,0,0,0,1,0,1,0,0
0,2805,38,8415,Mac,Yahoo,274,Credit,5,43,Southwest,23,414,0,1,0,1,0,0,0,0,1,1,1,0,1
0,4132,44,8264,Mac,Gmail,158,Credit,91,98,Southwest,51,459,0,1,0,0,0,0,0,0,1,1,0,1,1
0,610,61,610,iOS,Gmail,64,Debit,37,88,Northwest,92,1748,1,1,0,0,1,0,0,0,1,1,0,1,0
0,981,58,2943,Mac,Other,276,Debit,89,42,Midwest,77,1001,0,1,1,0,0,0,0,0,1,0,0,0,1
0,4337,27,13011,PC,Yahoo,56,Credit,20,70,Southwest,63,504,0,1,0,0,0,0,0,0,1,0,0,0,0
1,4836,44,19344,PC,Yahoo,246,Credit,66,82,Northwest,60,780,0,1,0,0,0,0,0,0,1,1,1,1,1
0,2226,41,6678,Android,Yahoo,200,Credit,76,64,Northeast,87,1305,0,1,1,0,1,0,0,0,1,0,0,0,0
0,1609,27,1609,iOS,Other,114,Debit,2,50,Southwest,6,78,1,1,1,0,1,0,0,0,1,0,1,1,0
0,1453,58,2906,iOS,Gmail,176,Credit,72,27,Northeast,25,400,0,0,0,0,1,0,0,1,1,1,1,0,1
0,3752,37,15008,Android,Other,249,Credit,69,25,Southwest,11,99,0,1,0,0,1,0,0,0,1,0,1,1,0
0,545,25,1090,iOS,Gmail,82,Credit,93,94,Northwest,60,1020,1,1,1,0,1,0,1,1,1,1,0,1,1
0,4354,55,8708,Mac,Gmail,231,Credit,89,29,Northwest,3,48,0,1,1,0,1,0,0,0,1,0,1,0,1
0,2654,59,5308,iOS,Other,247,Debit,77,68,Southeast,41,656,0,1,0,1,0,0,1,0,1,0,0,1,0
0,1470,35,2940,Mac,Other,155,Paypal,44,47,Northwest,26,390,1,1,1,0,1,0,0,0,1,0,1,1,0
0,1240,57,2480,Mac,Other,130,Debit,7,7,Southwest,28,420,0,1,0,0,1,0,1,0,1,0,1,0,0
0,4534,34,18136,PC,Gmail,46,Credit,7,81,Northeast,35,105,0,1,0,1,1,0,0,0,1,0,0,0,0
0,782,46,3128,iOS,Other,249,Credit,73,45,Northwest,38,304,0,1,0,0,1,0,0,1,1,0,0,0,0
0,2273,60,9092,Mac,Other,170,Credit,100,2,Northwest,25,525,0,1,1,0,0,0,1,0,1,0,1,1,1
0,3541,60,14164,PC,Gmail,318,Paypal,88,85,Midwest,48,912,1,1,0,0,1,1,1,0,1,0,0,1,1
0,4344,22,13032,PC,Gmail,127,Paypal,78,83,Southwest,59,1003,1,1,1,0,0,0,0,0,1,0,0,1,1
0,1271,51,3813,Android,Gmail,214,Credit,1,79,Northeast,102,1326,0,1,1,0,1,0,0,0,1,0,0,0,1
1,4898,43,14694,iOS,Other,292,Paypal,69,61,Southeast,56,448,0,1,1,0,1,0,0,1,1,0,1,0,0
1,3164,34,9492,Mac,Other,360,Paypal,26,73,Southwest,50,600,1,0,0,0,1,0,1,0,1,0,1,0,1
0,883,50,3532,Android,Other,358,Paypal,32,59,Northwest,75,825,0,0,0,1,0,0,0,0,1,1,0,1,1
0,3941,30,7882,Android,Other,291,Credit,69,0,Northeast,46,460,0,1,1,0,1,0,0,1,1,0,1,0,1
0,4372,23,17488,Mac,Other,107,Credit,47,72,Northeast,3,45,0,1,0,0,1,1,0,0,1,1,1,0,0
0,4912,41,14736,PC,Other,276,Paypal,81,47,Northwest,79,1343,0,1,0,1,1,1,0,0,1,1,0,1,1
0,3105,56,6210,iOS,Other,64,Paypal,41,56,Northwest,6,30,0,0,0,0,1,0,0,0,1,0,0,0,0
0,610,30,610,Mac,Gmail,268,Credit,45,89,Midwest,57,855,0,1,1,1,1,1,1,0,1,1,0,1,1
0,531,57,531,iOS,Gmail,287,Credit,36,9,Northeast,48,336,0,1,1,0,1,0,0,1,1,1,1,1,0
0,2953,44,5906,Android,Gmail,206,Credit,85,61,Northwest,64,512,0,1,0,1,1,0,1,0,1,0,1,1,1
0,1613,61,4839,Android,Other,75,Credit,34,9,Midwest,47,141,0,0,1,0,1,1,0,1,1,0,1,1,1
1,4296,24,17184,PC,Other,100,Credit,67,93,Northeast,94,1034,0,1,1,0,0,1,0,0,0,1,1,1,0
0,294,51,294,Mac,Gmail,144,Credit,26,86,Southeast,74,296,1,1,0,0,0,0,0,1,1,1,1,0,0
0,3376,38,13504,Android,Gmail,155,Debit,15,3,Northeast,38,532,0,1,1,0,1,0,0,0,1,0,0,1,0
0,2187,39,8748,PC,Gmail,85,Credit,45,97,Southeast,85,425,0,1,1,0,1,1,0,1,1,1,0,0,0
0,2627,49,7881,Mac,Yahoo,221,Credit,55,12,Northwest,87,348,1,1,1,1,1,1,0,0,1,1,1,0,0
0,4705,45,9410,Android,Gmail,101,Paypal,68,38,Midwest,24,456,0,1,1,1,0,0,0,0,1,0,1,0,0
0,4403,47,17612,PC,Yahoo,326,Credit,65,4,Southwest,86,860,0,0,0,0,1,1,0,0,1,0,0,0,1
0,3494,43,10482,Mac,Gmail,296,Credit,48,82,Northwest,3,45,0,1,0,1,1,0,0,1,1,0,0,0,0
0,3269,49,9807,PC,Gmail,132,Credit,60,3,Northeast,33,693,0,0,0,1,1,0,0,1,1,0,0,1,1
0,2374,43,9496,iOS,Gmail,84,Debit,71,74,Midwest,28,504,0,1,1,1,1,0,0,0,1,1,0,1,1
0,178,41,178,PC,Other,103,Debit,42,86,Northeast,4,52,1,1,1,1,1,0,1,0,1,1,0,1,0
0,4948,47,9896,PC,Gmail,58,Credit,81,71,Northeast,29,116,0,0,0,0,0,0,0,0,1,1,1,0,1
0,4945,33,19780,iOS,Other,303,Credit,72,29,Southeast,17,221,0,1,1,1,1,0,1,1,1,0,1,0,0
0,1998,61,1998,iOS,Gmail,251,Credit,6,26,Southwest,51,765,0,1,0,0,1,0,0,0,1,1,1,1,1
0,390,35,1560,PC,Gmail,32,Paypal,26,44,Southwest,42,504,0,1,1,1,1,1,0,0,1,0,1,1,1
1,2281,33,4562,PC,Other,356,Credit,77,24,Southwest,80,1120,0,1,1,0,0,0,0,0,1,0,0,1,1
0,2102,34,2102,PC,Other,90,Credit,51,36,Northeast,57,342,0,0,0,1,1,1,0,1,1,0,0,0,1
0,1365,53,1365,Android,Other,299,Paypal,10,82,Southeast,58,696,0,1,0,0,1,0,0,1,0,1,1,1,0
0,2882,31,5764,PC,Gmail,139,Credit,63,33,Midwest,26,104,1,1,1,0,0,1,0,0,1,0,0,0,0
0,978,35,1956,iOS,Gmail,161,Credit,12,62,Southeast,32,352,0,1,0,0,1,1,0,0,1,0,1,1,0
0,563,39,563,iOS,Yahoo,263,Credit,21,66,Southwest,74,370,0,1,1,0,1,0,0,0,0,1,0,1,0
0,3285,35,3285,Mac,Gmail,82,Credit,57,45,Northeast,76,988,0,1,0,0,1,0,1,0,0,0,1,1,0
0,2743,49,8229,Android,Other,42,Credit,81,0,Southwest,81,810,0,1,1,0,1,0,0,0,1,0,0,1,1
1,3505,52,10515,iOS,Gmail,229,Credit,70,66,Northeast,91,728,0,1,0,0,1,0,0,0,1,1,1,1,0
0,3756,45,11268,Mac,Yahoo,331,Debit,52,37,Midwest,3,45,1,1,0,0,1,1,0,0,1,1,1,1,0
1,4049,58,4049,Android,Other,321,Credit,73,74,Northeast,83,1162,0,1,0,0,0,0,0,0,1,1,1,1,0
0,1561,53,3122,iOS,Other,94,Paypal,40,79,Northwest,74,296,0,1,0,0,1,0,0,0,1,1,0,0,0
0,1996,58,7984,Android,Gmail,204,Paypal,86,6,Northeast,62,930,0,1,0,0,1,1,0,0,1,1,0,1,0
0,603,22,1206,PC,Gmail,86,Credit,61,75,Northwest,27,81,0,1,1,0,0,1,0,1,1,1,1,0,0
0,1274,40,3822,PC,Gmail,164,Credit,90,50,Midwest,53,689,1,1,1,0,1,1,1,0,1,1,0,0,1
1,2982,36,11928,PC,Gmail,173,Credit,100,72,Northeast,78,546,0,1,1,0,1,0,1,0,1,1,0,0,0
0,1705,31,1705,iOS,Gmail,80,Credit,29,5,Northeast,100,900,1,1,0,0,1,1,1,0,1,1,0,0,1
0,4972,53,14916,iOS,Gmail,190,Paypal,23,99,Northeast,39,390,0,1,0,0,1,0,0,0,1,0,0,1,1
0,2100,54,2100,Android,Yahoo,79,Credit,50,59,Northeast,72,576,0,1,0,0,1,1,0,1,1,1,1,1,0
0,853,48,2559,Mac,Gmail,58,Paypal,69,27,Midwest,67,335,0,1,1,0,1,1,0,0,1,1,0,0,0
1,4839,61,4839,PC,Gmail,131,Debit,79,75,Northeast,88,1496,0,1,0,0,1,1,0,0,1,1,0,0,0
0,1690,45,5070,iOS,Other,235,Debit,42,73,Southeast,33,330,0,0,1,0,1,0,0,0,1,0,0,1,0
0,2214,40,4428,Mac,Other,92,Credit,35,25,Northeast,101,2020,0,1,1,0,0,1,0,0,1,1,0,0,0
0,4379,50,8758,iOS,Other,200,Debit,32,70,Midwest,88,1672,0,1,0,0,1,0,0,0,1,1,1,0,0
1,3747,47,14988,PC,Other,314,Credit,6,58,Northeast,69,552,0,1,0,0,1,1,0,0,1,0,1,0,0
0,3191,39,3191,iOS,Other,70,Credit,5,87,Northwest,5,15,0,1,1,0,1,1,0,0,1,0,0,0,1
0,879,29,3516,Mac,Other,210,Credit,30,6,Northwest,10,160,0,1,1,1,1,1,0,0,1,0,1,1,0
0,280,42,1120,Mac,Gmail,341,Debit,79,43,Northeast,103,412,0,1,1,0,1,0,0,0,1,1,1,0,1
0,3529,30,3529,PC,Gmail,124,Credit,32,89,Northwest,27,162,0,0,1,1,1,0,1,0,1,1,1,0,1
0,4697,40,9394,Android,Gmail,89,Credit,30,97,Midwest,89,267,0,1,0,0,0,0,0,0,1,1,0,0,0
0,477,47,477,iOS,Gmail,77,Debit,37,88,Northeast,98,588,0,1,1,0,1,1,0,1,1,0,1,0,1
0,4553,23,18212,iOS,Yahoo,182,Paypal,65,95,Northeast,11,33,0,1,1,0,1,0,0,1,1,1,1,1,0
0,4608,31,4608,PC,Yahoo,88,Credit,83,50,Midwest,89,1246,0,1,0,0,1,0,0,0,1,1,1,1,1
0,882,49,1764,iOS,Other,212,Paypal,63,25,Southeast,51,459,1,1,0,0,0,0,0,0,1,0,0,0,0
0,4164,53,4164,Mac,Gmail,78,Credit,31,30,Northeast,21,126,0,1,0,0,1,0,0,0,1,0,0,0,1
0,3327,41,9981,Mac,Yahoo,269,Credit,29,2,Northwest,31,155,1,1,0,0,1,1,1,0,1,1,1,0,0
0,4057,58,16228,PC,Other,276,Paypal,23,20,Northwest,69,759,0,0,0,0,1,0,0,0,1,0,0,1,1
0,1085,29,3255,Mac,Other,215,Paypal,39,34,Northeast,44,220,1,1,1,0,1,0,0,0,1,0,0,0,1
0,2132,36,2132,Android,Other,248,Credit,4,97,Northwest,18,126,0,1,0,1,1,0,0,1,1,1,1,1,0
0,1129,50,1129,Mac,Other,151,Paypal,98,86,Midwest,48,576,0,1,0,0,0,0,0,0,1,0,0,1,0
0,3281,26,13124,PC,Other,108,Debit,7,63,Southwest,38,456,0,1,0,0,1,0,1,0,1,0,0,0,0
0,965,25,2895,Android,Gmail,310,Paypal,92,12,Northeast,81,1053,0,1,1,0,1,0,0,1,1,1,0,1,0
0,1509,24,6036,Android,Gmail,98,Credit,1,22,Northwest,41,369,0,1,0,0,1,0,0,0,1,1,1,0,0
0,2263,36,6789,Android,Gmail,141,Credit,44,96,Northeast,24,336,1,1,0,0,1,1,0,0,1,0,1,1,0
0,4392,51,13176,iOS,Gmail,279,Credit,10,76,Northwest,52,312,0,1,1,0,1,0,0,0,1,0,1,1,0
0,1840,54,5520,iOS,Gmail,196,Paypal,40,91,Midwest,96,1152,1,0,1,1,1,0,0,0,1,1,0,1,0
0,738,58,2214,Mac,Other,271,Credit,45,82,Northeast,63,819,0,1,0,0,1,0,0,1,1,0,0,0,0
0,2150,59,2150,Mac,Gmail,327,Credit,58,4,Northeast,87,957,0,1,0,0,0,0,0,0,1,0,1,0,1
0,3845,33,3845,PC,Other,358,Credit,11,52,Southeast,35,350,0,1,1,0,1,0,0,0,1,1,0,1,0
0,865,39,1730,iOS,Gmail,262,Paypal,9,6,Northeast,60,840,0,1,0,0,1,0,0,0,1,1,0,0,1
0,3897,48,15588,Android,Gmail,262,Credit,89,88,Northeast,13,247,0,1,0,0,0,0,0,1,1,0,1,1,0
0,1573,36,6292,PC,Other,314,Credit,9,55,Northwest,36,504,1,1,1,0,0,0,0,0,1,1,0,0,1
0,811,31,3244,Android,Other,296,Paypal,23,4,Northeast,61,793,0,1,0,0,1,0,0,0,1,0,0,1,0
0,1667,51,6668,PC,Gmail,96,Credit,36,41,Northwest,1,14,0,1,1,0,1,0,0,0,1,1,1,0,0
1,4776,48,4776,Android,Gmail,285,Credit,45,0,Northeast,72,1224,1,1,1,0,1,1,0,0,1,1,1,1,0
0,888,51,888,Android,Other,261,Debit,22,76,Northeast,86,1462,0,1,1,0,1,0,1,0,1,0,0,1,0
0,4765,24,19060,PC,Gmail,341,Credit,78,29,Midwest,35,665,0,0,1,0,1,1,0,0,0,1,1,0,0
0,4804,24,14412,iOS,Other,320,Credit,8,85,Northwest,82,1558,0,1,1,0,1,0,0,0,1,0,0,1,0
0,2271,22,2271,iOS,Gmail,253,Credit,64,15,Southeast,67,1005,1,1,1,0,1,0,1,1,1,1,0,1,1
0,2710,34,8130,iOS,Gmail,128,Credit,43,17,Midwest,71,284,0,1,1,0,1,0,0,0,0,1,1,0,0
0,3075,28,12300,Mac,Gmail,302,Paypal,76,59,Northeast,93,1860,0,1,0,0,0,0,0,0,1,1,0,1,0
0,2382,32,9528,iOS,Yahoo,230,Paypal,45,74,Southeast,13,260,1,1,0,0,1,1,0,0,1,1,0,1,0
0,4502,38,9004,iOS,Other,109,Credit,91,83,Northwest,16,176,0,1,0,1,1,0,1,1,1,1,1,1,1
0,1981,27,5943,Mac,Gmail,98,Paypal,95,30,Northwest,79,1343,0,1,1,0,0,1,1,0,1,1,1,0,0
0,1405,25,4215,Mac,Gmail,67,Paypal,13,4,Northeast,41,574,0,1,1,0,1,0,1,0,1,0,1,0,0
1,2677,56,10708,PC,Gmail,287,Paypal,32,20,Southwest,48,912,0,1,0,0,1,0,0,0,0,0,0,1,1
0,1355,33,5420,Mac,Gmail,162,Debit,98,93,Southeast,65,325,1,1,0,0,1,0,0,0,1,0,0,0,0
0,3159,22,3159,Android,Yahoo,41,Credit,75,6,Northwest,61,1159,0,1,1,0,1,1,0,0,1,1,1,0,0
0,4530,33,4530,iOS,Gmail,281,Credit,64,10,Midwest,34,442,0,1,0,0,1,0,1,0,1,0,1,1,0
1,4024,35,16096,iOS,Gmail,308,Paypal,100,26,Southwest,19,209,0,1,1,0,1,0,0,0,0,1,1,1,0
0,1955,41,5865,PC,Gmail,343,Paypal,90,62,Northeast,101,808,0,1,0,0,1,0,0,1,1,1,1,1,1
0,3826,57,7652,Android,Gmail,224,Credit,38,47,Northwest,29,464,1,1,1,0,1,0,0,0,1,1,1,0,1
1,2363,48,7089,Mac,Other,198,Credit,7,37,Northeast,53,424,1,1,1,0,0,1,0,0,1,0,0,0,1
0,915,31,2745,Mac,Other,347,Credit,23,10,Northwest,43,860,0,1,0,0,1,0,0,0,1,1,0,1,0
0,2269,26,4538,Mac,Gmail,54,Paypal,94,93,Southwest,44,484,0,1,0,0,1,1,0,0,1,0,1,1,0
0,443,59,886,PC,Other,222,Credit,1,56,Midwest,11,165,1,0,0,0,1,0,0,0,1,1,1,0,0
0,2542,43,7626,iOS,Gmail,60,Credit,32,21,Midwest,33,429,0,1,0,0,1,0,0,1,1,0,0,1,0
0,2639,32,10556,PC,Gmail,356,Debit,0,89,Southwest,24,120,0,1,0,1,1,0,0,1,1,0,1,0,1
0,2155,35,2155,Mac,Other,155,Paypal,85,24,Northeast,79,1264,0,1,0,0,1,0,0,0,0,0,1,0,0
0,626,25,1252,PC,Gmail,223,Credit,2,5,Northwest,10,120,0,1,1,0,1,0,0,0,1,0,1,0,0
0,2469,49,7407,Mac,Gmail,306,Credit,72,91,Northwest,103,721,0,1,0,1,1,0,1,0,1,0,1,1,0
0,3973,56,7946,iOS,Gmail,72,Paypal,96,84,Northwest,38,418,0,1,0,0,1,0,0,0,1,0,0,1,0
0,1753,60,7012,Android,Gmail,89,Credit,92,43,Northwest,74,1332,0,1,0,0,1,0,1,0,1,0,0,1,1
0,2387,44,4774,Mac,Gmail,298,Paypal,29,47,Midwest,62,434,0,1,1,0,1,0,0,0,1,0,1,1,0
0,285,47,1140,Mac,Gmail,78,Paypal,8,31,Northwest,34,544,0,0,1,0,1,0,0,0,1,0,1,1,0
0,535,53,535,Mac,Gmail,53,Debit,57,4,Southwest,87,261,0,1,1,0,1,0,0,0,1,1,0,0,0
0,689,46,689,iOS,Gmail,283,Credit,48,50,Southeast,99,1386,0,1,0,1,0,0,0,0,1,0,0,0,0
0,3899,25,11697,Android,Gmail,130,Credit,47,17,Southeast,95,570,0,1,1,0,0,1,0,0,1,0,1,1,0
0,3339,28,3339,iOS,Other,74,Paypal,17,27,Southwest,94,1598,0,1,1,0,1,0,0,1,1,0,0,1,0
0,1336,29,4008,Mac,Gmail,196,Paypal,76,4,Northwest,77,1001,0,0,1,0,1,0,0,0,1,1,1,0,1
0,3911,59,7822,Android,Gmail,205,Debit,6,82,Northwest,58,928,0,1,1,0,1,1,0,0,1,1,1,1,1
0,2817,60,8451,Mac,Yahoo,326,Debit,45,74,Northwest,87,1827,0,1,1,0,1,0,0,0,1,1,1,0,0
0,2112,29,2112,iOS,Gmail,209,Credit,29,68,Southwest,76,684,0,1,1,0,1,0,0,1,1,1,0,1,0
0,3852,25,15408,Android,Gmail,248,Paypal,43,62,Midwest,96,384,0,1,0,0,1,0,0,0,0,0,1,1,0
0,106,23,212,iOS,Other,70,Credit,82,9,Southwest,55,385,0,1,0,0,0,0,0,0,1,0,0,1,0
0,688,59,2752,Mac,Gmail,260,Credit,51,54,Midwest,37,777,0,1,0,0,0,0,0,0,1,0,1,0,0
0,1947,36,5841,iOS,Other,101,Credit,27,25,Northeast,83,1245,0,1,0,0,1,0,0,0,1,1,0,0,1
0,151,33,604,Android,Gmail,113,Credit,62,34,Northwest,22,462,0,1,1,1,1,0,0,0,1,0,1,0,1
0,2218,37,2218,PC,Gmail,224,Paypal,47,73,Northeast,104,520,0,1,1,0,1,1,1,1,1,1,0,0,0
0,669,33,1338,Mac,Gmail,337,Credit,94,48,Southeast,4,20,1,1,0,0,0,0,0,0,1,1,0,0,0
0,1290,59,5160,PC,Gmail,200,Debit,77,39,Southeast,85,1785,0,1,0,0,1,0,1,0,0,1,0,1,1
0,221,30,221,Mac,Gmail,185,Paypal,60,33,Northwest,78,624,0,1,1,0,1,0,0,0,1,0,1,0,0
0,2325,40,6975,iOS,Other,85,Debit,41,0,Midwest,30,390,0,1,1,1,1,1,0,0,1,0,0,0,1
0,1581,29,4743,Mac,Gmail,359,Credit,53,90,Northeast,97,582,0,1,1,0,1,0,0,0,1,0,1,0,1
0,4061,33,8122,PC,Other,310,Credit,22,8,Northeast,31,434,1,1,1,0,0,0,1,0,1,1,1,1,1
0,1923,52,5769,Android,Gmail,167,Credit,23,75,Northeast,64,384,0,1,1,0,1,0,0,1,1,1,1,1,0
0,2392,61,7176,Android,Other,304,Debit,92,34,Northwest,57,570,0,0,1,1,1,1,1,0,1,0,1,0,0
0,791,53,2373,iOS,Yahoo,321,Paypal,43,21,Southwest,93,1581,0,1,1,0,1,0,0,0,1,0,1,0,1
0,3228,52,6456,Mac,Other,125,Credit,72,95,Northwest,44,660,0,1,0,0,1,0,1,0,1,1,0,0,1
1,2899,30,11596,Mac,Gmail,360,Debit,73,94,Northeast,104,1352,0,1,1,0,1,0,0,0,1,0,0,1,0
0,1851,30,1851,Android,Yahoo,36,Paypal,61,52,Northwest,85,935,0,0,0,0,0,0,0,0,0,1,1,0,1
0,2526,58,7578,iOS,Yahoo,90,Credit,12,22,Northwest,38,380,0,1,1,0,1,0,0,1,1,1,0,0,0
1,4711,57,18844,iOS,Other,309,Credit,3,15,Midwest,98,1862,0,0,1,0,1,0,0,0,1,0,0,1,0
0,4131,40,12393,Mac,Other,58,Credit,10,17,Midwest,27,297,0,1,1,0,1,0,0,0,1,1,1,1,1
0,2148,32,8592,PC,Other,129,Debit,93,50,Midwest,89,445,1,1,0,0,0,0,1,0,1,1,0,0,1
0,2676,55,5352,PC,Gmail,254,Credit,5,13,Midwest,88,968,0,1,0,1,1,0,1,1,1,1,1,0,0
1,4886,34,9772,iOS,Gmail,319,Credit,38,65,Northeast,44,396,1,1,0,0,1,0,0,1,1,0,0,0,1
0,2615,23,2615,PC,Gmail,244,Paypal,30,100,Midwest,25,475,0,1,1,0,1,1,0,0,1,1,0,0,1
0,619,31,1238,Android,Gmail,220,Credit,72,47,Northwest,32,224,0,1,0,0,0,0,0,0,1,0,1,0,1
0,4334,22,17336,Mac,Other,94,Credit,22,96,Southeast,15,255,0,1,1,0,1,0,0,1,1,1,1,0,1
0,363,49,1089,iOS,Gmail,88,Paypal,11,93,Northeast,37,777,0,1,1,0,1,1,0,0,1,0,1,1,0
0,1844,48,5532,PC,Other,109,Paypal,52,80,Northwest,25,450,0,1,1,0,1,0,0,0,0,0,1,1,0
0,1934,56,7736,Mac,Gmail,224,Credit,36,46,Midwest,45,225,1,1,0,0,0,0,0,1,1,0,0,1,1
1,3171,58,12684,iOS,Gmail,248,Credit,95,66,Northeast,86,1720,0,1,1,0,1,0,0,0,1,1,0,1,1
0,3947,44,11841,Android,Other,352,Debit,38,12,Northeast,13,247,1,1,1,1,1,1,0,0,1,0,1,0,0
0,871,57,871,PC,Gmail,171,Paypal,62,53,Northwest,32,512,0,0,0,0,1,0,0,0,1,0,1,1,1
0,1678,57,1678,PC,Gmail,103,Paypal,61,25,Midwest,92,736,0,1,0,0,0,0,0,0,1,0,0,1,0
0,2642,37,10568,Android,Gmail,78,Debit,68,77,Northeast,3,21,0,1,1,0,0,1,0,0,1,0,0,0,1
0,105,46,210,PC,Yahoo,328,Credit,6,95,Northwest,35,665,0,1,1,0,1,0,0,0,1,1,1,0,1
0,4918,27,14754,Android,Other,182,Credit,28,52,Northeast,79,632,0,1,1,0,0,1,0,0,1,1,1,1,1
0,1514,28,3028,Mac,Gmail,193,Paypal,29,38,Northeast,54,972,0,1,0,0,1,0,0,0,1,0,0,0,1
0,4808,25,19232,Mac,Gmail,139,Debit,11,97,Midwest,43,516,0,1,1,1,1,0,0,0,1,0,1,0,0
0,1022,42,2044,Android,Gmail,277,Debit,46,20,Midwest,80,1360,0,1,1,0,1,1,0,0,1,0,0,1,0
0,2025,60,6075,Android,Gmail,342,Paypal,96,48,Northwest,37,407,0,1,0,0,0,0,0,0,0,0,1,1,1
0,184,60,552,Android,Yahoo,104,Debit,64,81,Southwest,22,308,0,1,0,0,1,0,0,1,1,0,0,1,0
0,3059,58,12236,iOS,Other,142,Credit,15,30,Midwest,44,396,0,1,1,0,1,0,0,0,1,0,1,0,1
0,4896,56,4896,PC,Gmail,91,Credit,3,19,Northwest,4,32,1,1,1,0,1,0,1,0,1,0,0,0,0
0,4650,23,18600,Android,Other,102,Credit,55,77,Northeast,55,1155,1,1,1,0,1,0,0,0,1,1,1,1,1
0,973,35,973,iOS,Gmail,248,Credit,84,25,Southwest,54,972,0,1,0,0,0,0,0,1,1,1,1,1,0
0,3567,53,10701,iOS,Other,86,Credit,57,82,Northwest,51,612,0,1,1,0,1,0,1,1,1,0,1,1,0
1,2970,59,11880,PC,Yahoo,337,Credit,7,78,Midwest,79,1185,0,1,0,0,1,0,0,0,1,1,0,0,0
0,4533,27,13599,Mac,Gmail,177,Credit,7,63,Northeast,64,192,0,1,1,0,1,0,0,1,1,1,1,1,1
0,3547,50,14188,iOS,Gmail,204,Debit,1,65,Northeast,15,255,0,0,0,1,1,1,0,0,1,0,0,1,0
0,4169,23,8338,PC,Gmail,232,Credit,94,86,Midwest,2,40,0,1,1,0,1,0,0,1,1,0,1,0,0
0,4470,49,4470,iOS,Gmail,101,Credit,79,7,Midwest,86,774,0,1,0,0,1,0,1,0,1,1,0,0,0
0,3102,32,12408,Android,Gmail,239,Credit,65,99,Midwest,41,492,0,1,0,1,1,0,0,0,1,0,1,1,1
0,3410,57,3410,Android,Gmail,56,Credit,80,79,Northeast,12,132,0,1,0,0,1,0,0,0,1,0,1,1,0
0,4885,61,14655,PC,Other,42,Debit,53,51,Northwest,6,54,0,1,1,0,1,0,0,0,1,0,0,0,0
0,4015,30,16060,PC,Other,40,Credit,37,57,Northwest,58,928,0,1,1,1,0,0,0,0,1,0,0,0,0
0,3941,57,15764,iOS,Other,308,Paypal,57,21,Northeast,92,1104,0,1,1,0,1,0,1,0,1,1,0,1,0
0,4892,48,9784,Android,Yahoo,336,Credit,80,22,Southeast,87,870,1,1,0,0,0,0,0,0,1,1,1,1,1
0,950,32,2850,iOS,Other,107,Credit,46,45,Northwest,22,374,0,1,0,0,1,0,0,0,1,1,0,1,0
0,888,53,888,Mac,Gmail,121,Debit,18,29,Northwest,12,180,0,1,1,0,0,0,0,0,1,1,1,1,0
0,2047,41,2047,Android,Other,251,Paypal,16,94,Southeast,6,78,1,1,1,1,1,1,0,0,1,1,0,0,1
0,3076,46,12304,iOS,Gmail,235,Credit,26,21,Northeast,44,220,0,1,0,0,1,0,0,1,1,0,1,1,0
0,1566,53,1566,iOS,Other,83,Debit,11,62,Southwest,46,920,0,1,0,0,1,0,0,0,1,1,1,0,1
0,3292,42,3292,Mac,Gmail,214,Debit,73,91,Northwest,21,147,0,1,1,0,1,0,0,0,1,1,0,0,1